Workbook

Sheet Pivot CFPL
A1: Company Name | B1: CFPL | F1: =GETPIVOTDATA("Total Inventory Kgs",$A$3)+GETPIVOTDATA("Total Inventory Kgs",'Pivot CDPL'!$A$3) -> 930621.34
B2: Total (CFPL+CDPL) KGS | C2: =GETPIVOTDATA("Total Inventory Kgs",$A$3,"Storage Location","A-185 Cold") -> 29739.92 | D2: =GETPIVOTDATA("Total Inventory Kgs",$A$3,"Storage Location","Savla") -> 79093.82 | E2: =GETPIVOTDATA("Total Inventory Kgs",$A$3,"Storage Location","Savla Bond") -> 7500 | F2: =GETPIVOTDATA("Total Inventory Kgs",$A$3) -> 116333.74
A3: Sum of Total Inventory Kgs | C3: Storage Location
A4: Group Name* | B4: Tally Name | C4: A-185 Cold | D4: Savla | E4: Savla Bond | F4: Grand Total
A5: Apricot | B5: Turkey Apricot No 3 | D5: 488 | F5: 488
B6: Turkey Apricot No. 0 | D6: 325 | F6: 325
A7: Apricot Total | D7: 813 | F7: 813
A8: Blueberry | B8: Dried Blueberry | C8: 1098.68 | D8: 908 | F8: 2006.68
B9: Dried Blueberry Apple Infused | D9: 99.88 | F9: 99.88
A10: Blueberry Total | C10: 1098.68 | D10: 1007.88 | F10: 2106.56
A11: Cashew Kernel | B11: BLACK PEPPER CASHEW | C11: 10 | F11: 10
B12: Roasted & Salted Cashew | C12: 10 | F12: 10
B13: Cashew Kernel | C13: 0 | F13: 0
A14: Cashew Kernel Total | C14: 20 | F14: 20
A15: Cranberry | B15: Dried Cranberry Sliced | C15: 4456.62 | D15: 4536 | F15: 8992.62
B16: Dried Cranberry Whole | C16: 2787.5 | D16: 3268.44 | F16: 6055.94
B17: Chatpata Cranberry | C17: 31.5 | F17: 31.5
B18: Pan Cranberry | C18: 21.8 | F18: 21.8
A19: Cranberry Total | C19: 7297.42 | D19: 7804.44 | F19: 15101.86
A20: Date Powder | B20: AL BARAKAH DEHYDRATED DATE POWDER - BULK PACK 10KG | C20: 80 | F20: 80
A21: Date Powder Total | C21: 80 | F21: 80
A22: Date Syrup | B22: AL BARAKAH DATE SYRUP(1.15KG X 12) | C22: 3105 | F22: 3105
B23: AL BARAKAH DATES SYRUP (400G Packing) | C23: 684 | F23: 684
A24: Date Syrup Total | C24: 3789 | F24: 3789
A25: Dehydrated Fruits | B25: Dried Orange Peel | C25: 7 | F25: 7
B26: Dried Mango Loose | C26: 10 | F26: 10
B27: Dried Goji Berry | D27: 64 | F27: 64
A28: Dehydrated Fruits Total | C28: 17 | D28: 64 | F28: 81
A29: Dry Dates | B29: DRY DATES-GRADE 2 | C29: 3530 | F29: 3530
B30: Red Kharek Cut | C30: 80 | F30: 80
A31: Dry Dates Total | C31: 3610 | F31: 3610
A32: Economical Dates | B32: AL BARAKAH KHALAS PREMIUM DATES | C32: 57.7 | F32: 57.7
B33: Wet Dates (Deri) | D33: 3580 | F33: 3580
B34: Oriental Dates | C34: 50 | F34: 50
B35: Wet Date Sayer ( Unpitted ) | C35: 40 | F35: 40
B36: Fresho Kimia Dates 500 Gm | C36: 45 | F36: 45
A37: Economical Dates Total | C37: 192.7 | D37: 3580 | F37: 3772.7
A38: Hazelnut | B38: Hazelnut Kernal | C38: 8 | D38: 210 | F38: 218
A39: Hazelnut Total | C39: 8 | D39: 210 | F39: 218
A40: Macadamia Paste | B40: Macadamia Paste | D40: 180 | F40: 180
A41: Macadamia Paste Total | D41: 180 | F41: 180
A42: Organic Dates | B42: Organic Ajwa Premium Large | D42: 5 | F42: 5
B43: Organic Khidri Large dates | D43: 586.5 | F43: 586.5
B44: Organic Khidri Premium Medium | D44: 1112.5 | F44: 1112.5
B45: Organic Khidri Special Jumbo | D45: 412.5 | F45: 412.5
B46: Organic Medjool Premium Large | D46: 80 | F46: 80
B47: Organic Seqee Premium Large | D47: 162 | F47: 162
B48: Organic Wanan Premium Large | D48: 12 | F48: 12
A49: Organic Dates Total | D49: 2370.5 | F49: 2370.5
A50: Peanut | B50: Peanuts | C50: 700 | F50: 700
B51: ROASTED BLANCHED PEANUT WHOLE | C51: 1575 | F51: 1575
B52: Peanuts Split | C52: 10 | F52: 10
A53: Peanut Total | C53: 2285 | F53: 2285
A54: Pecan Nut | B54: Pecan Nuts | C54: 186 | D54: 761.6 | F54: 947.6
B55: Pecans Nuts Inshell | C55: 90 | F55: 90
A56: Pecan Nut Total | C56: 276 | D56: 761.6 | F56: 1037.6
A57: Pistachios | B57: California Pista Inshell | C57: 110 | D57: 14946.12 | F57: 15056.12
B58: California Pista Inshell Jumbo | D58: 1576.26 | F58: 1576.26
B59: Pista Kernal Roasted and Salted | C59: 127 | F59: 127
B60: Pista Kernel | C60: 825 | F60: 825
A61: Pistachios Total | C61: 1062 | D61: 16522.38 | F61: 17584.38
A62: Premium Dates | B62: Medjoul Dates Premium Bon Bon | D62: 168 | F62: 168
B63: WET DATES MEDJOUL BULK LARGE (5) | D63: 1825 | F63: 1825
B64: Medjoul Dates Junior | D64: 2620 | E64: 7500 | F64: 10120
B65: Medjoul Dates Large | D65: 368 | F65: 368
B66: MEDJOUL DATES JUMBO | D66: 2175 | F66: 2175
B67: Medjoul Dates Medium | D67: 60 | F67: 60
B68: Medjoul Dates Mini | D68: 1495 | F68: 1495
B69: Deglet Dates | D69: 3565 | F69: 3565
B70: Off-Grade Dates | D70: 1845 | F70: 1845
B71: MEDJOUL DATES SUPER JUMBO 5KG | D71: 4950 | F71: 4950
A72: Premium Dates Total | D72: 19071 | E72: 7500 | F72: 26571
A73: Prunes | B73: Dried Prunes (Pitted) | C73: 1836.68 | D73: 7166.88 | F73: 9003.56
A74: Prunes Total | C74: 1836.68 | D74: 7166.88 | F74: 9003.56
A75: Raisins | B75: Afghan Black Raisins Seeded 1*2 | C75: 15 | F75: 15
B76: Afghan Raisins 1*2 Green round | D76: 40 | F76: 40
B77: Indian Green Raisins | C77: 3064 | D77: 4065 | F77: 7129
B78: Indian Long Green Raisins | C78: 4.4 | F78: 4.4
B79: Afghan Black Raisins Seedless 1*2 | C79: 1319 | F79: 1319
B80: Afghan Munakka / Abjosh 1X2 | C80: 67 | F80: 67
B81: Pan Raisin | C81: 7.5 | F81: 7.5
A82: Raisins Total | C82: 4476.9 | D82: 4105 | F82: 8581.9
A83: BlackCurrant | B83: Dried Black Currant | C83: 40 | D83: 200 | F83: 240
A84: BlackCurrant Total | C84: 40 | D84: 200 | F84: 240
A85: Almond | B85: Smoked Almonds | C85: 570 | F85: 570
B86: Almond Blanched, whole | C86: 40 | F86: 40
B87: Roasted & Salted Almonds | C87: 12 | F87: 12
B88: American Almonds Kernel 20-22 count | C88: 300 | F88: 300
B89: American Almonds Running 25-27 count | C89: 24 | F89: 24
A90: Almond Total | C90: 946 | F90: 946
A91: Seasoning | B91: PREGEFLO C 100 G | C91: 720 | F91: 720
B92: SIDCOT STARCH | C92: 0 | F92: 0
B93: Sour Cream And Onion Seasoning | C93: 25 | F93: 25
B94: Anardana Churan | C94: 0 | F94: 0
B95: Anardana Powder | C95: 160 | F95: 160
B96: Barbeque seasoning | C96: 130 | F96: 130
B97: Black Pepper Seasoning | C97: 250 | F97: 250
B98: Chilli Garlic Masala Seasoning | C98: 25 | F98: 25
B99: Chipotle Honey Seasoning | C99: 0 | F99: 0
B100: Magic Masala Seasoning | C100: 38 | F100: 38
...

Sheet Pivot CDPL
A1: Company Name | B1: CDPL | E1: =GETPIVOTDATA("Total Inventory Kgs",$A$3)+GETPIVOTDATA("Total Inventory Kgs",'Pivot CFPL'!$A$3) -> 930621.34
B2: Total (CDPL+CFPL) KGS | C2: =GETPIVOTDATA("Total Inventory Kgs",$A$3,"Storage Location","Rishi") -> 459647 | D2: =GETPIVOTDATA("Total Inventory Kgs",$A$3,"Storage Location","Savla") -> 354640.6 | E2: =GETPIVOTDATA("Total Inventory Kgs",$A$3) -> 814287.6
A3: Sum of Total Inventory Kgs | C3: Storage Location
A4: Group Name* | B4: Tally Name | C4: Rishi | D4: Savla | E4: Grand Total
A5: Date Paste | B5: AL BARAKAH DATE PASTE 12.5KG | D5: 120687.5 | E5: 120687.5
A6: Date Paste Total | D6: 120687.5 | E6: 120687.5
A7: Date Powder | B7: 10KG AL BARAKAH DATE POWDER V1 | D7: 90790 | E7: 90790
B8: 10KG AL BARAKAH DATE POWDER V2 | D8: 11670 | E8: 11670
A9: Date Powder Total | D9: 102460 | E9: 102460
A10: Date Syrup | B10: 25KG AL BARAKAH DATE SYRUP V1 | C10: 200 | D10: 81650 | E10: 81850
B11: AL BARAKAH DATES SYRUP 400G | D11: 4123.2 | E11: 4123.2
A12: Date Syrup Total | C12: 200 | D12: 85773.2 | E12: 85973.2
A13: Dry Dates | B13: AL BARAKAH CHOPPED DATES | D13: 980 | E13: 980
B14: AL BARAKAH CRUSHED DATES 10KG | D14: 630 | E14: 630
B15: DRY DATES-GRADE 2 | C15: 370 | D15: 546 | E15: 916
B16: Seedless Chopped Red Kharik Dry Dates | D16: 90 | E16: 90
B17: Kharik | C17: 588 | E17: 588
A18: Dry Dates Total | C18: 958 | D18: 2246 | E18: 3204
A19: Economical Dates | B19: AL BARAKAH BARHI DATES 10KG | C19: 50670 | E19: 50670
B20: AL BARAKAH EMIRATES BLACK DATES 10KG | D20: 20 | E20: 20
B21: AL BARAKAH FARD DATES 10KG - EZAD | D21: 10890 | E21: 10890
B22: AL BARAKAH FARD DATES STANDARD | C22: 80270 | D22: 50 | E22: 80320
B23: AL BARAKAH KHALAS DATES | C23: 12000 | E23: 12000
B24: AL BARAKAH KHALAS DATES-AFCTN | D24: 110 | E24: 110
B25: AL BARAKAH KHALAS PREMIUM DATES | C25: 159710 | E25: 159710
B26: AL BARAKAH KHANIZEE DATES 10KG | D26: 230 | E26: 230
B27: AL BARAKAH LULU BLACK DATES-10KG | D27: 170 | E27: 170
B28: AL BARAKAH LULU RED DATES - 10KG | D28: 2400 | E28: 2400
B29: AL BARAKAH REZIZ DATES 10KG | C29: 8950 | E29: 8950
B30: AL BARAKAH SAYER DATES 10KG | D30: 7490 | E30: 7490
B31: AL BARAKAH SUFRI DATES 10KG | C31: 7800 | E31: 7800
B32: BUMAN DATES | D32: 30 | E32: 30
B33: Wet Dates (Mazafati) | C33: 16250 | D33: 5865 | E33: 22115
B34: Wet Dates (Rabia) | D34: 495 | E34: 495
B35: Wet Dates (Sukkary) | D35: 1378 | E35: 1378
B36: Wet Dates Fardh | D36: 425 | E36: 425
B37: Wet Dates Seedless Khalas | C37: 2855 | E37: 2855
B38: Wet Dates (Deri) | D38: 45 | E38: 45
B39: Al Barakah Fard Dates Premium | C39: 102580 | D39: 10 | E39: 102590
B40: Royal Delight Arabian 250gm | D40: 80 | E40: 80
B41: Delmonte Royal Arabian dates 500g [1 Case x 24 unit] Non-Promo | C41: 12684 | E41: 12684
A42: Economical Dates Total | C42: 453769 | D42: 29688 | E42: 483457
A43: Organic Dates | B43: Organic Khidri Premium Medium | D43: 12.5 | E43: 12.5
B44: Organic Seqee Premium Large | D44: 37.5 | E44: 37.5
B45: Organic Wanan Premium Jumbo | D45: 550 | E45: 550
B46: Organic Wanan Premium Large | D46: 400 | E46: 400
A47: Organic Dates Total | D47: 1000 | E47: 1000
A48: Premium Dates | B48: Al Barakah Medjoul Dates 500Gm | D48: 32 | E48: 32
B49: Wet Dates (Mabroom) | D49: 235 | E49: 235
B50: Wet Dates Ajwa | D50: 550 | E50: 550
B51: Wet Dates Medjoul Bulk 5 Kgs Super Jumbo | D51: 180 | E51: 180
B52: WET DATES MEDJOUL BULK LARGE (5) | D52: 782 | E52: 782
B53: WET DATES MEDJOUL BULK MEDIUM(5) | D53: 80 | E53: 80
B54: WET DATES MEDJOUL BULK MINI (5) | D54: 135 | E54: 135
B55: WET DATES MEDJOUL JUMBO | D55: 56 | E55: 56
B56: Wet Dates Safavi | C56: 4720 | D56: 1655 | E56: 6375
B57: Royal Delight Mabroom Dates 5 Kgs | D57: 350 | E57: 350
B58: Royal Delight Ajwa Dates 5 Kgs | D58: 365 | E58: 365
B59: King Solomon Medjoul Dates 500 Gms | D59: 595 | E59: 595
B60: Royal Delight Medjool Dates 800g | D60: 250 | E60: 250
B61: Wet Dates Deglet | D61: 100.896 | E61: 100.896
B62: AL BARAKAH MEDJOOL DATES PREMIUM 5KG | D62: 7305 | E62: 7305
B63: Al Barakaha Safavi Dates 500g | D63: 30 | E63: 30
B64: RD Safavi Dates 250g | D64: 85 | E64: 85
A65: Premium Dates Total | C65: 4720 | D65: 12785.896 | E65: 17505.896
A66: Grand Total | C66: 459647 | D66: 354640.6 | E66: 814287.6

Sheet Pivot Other
B2: =TODAY()-1 -> 46153 | C2: Total Stock | F2: CDPL+CFPL | H2: in Kg | I2: In KG | J2: =K2/I2 -> #VALUE! | K2: =GETPIVOTDATA("Sum of Value",$A$3) -> 28169810 | L2: =GETPIVOTDATA("Total Kgs",$A$3) -> 50183.51 | N2: =GETPIVOTDATA("Sum of Value",$A$3) -> 28169810 | O2: =N2/L2 -> 561.33598
C3: Storage Location | D3: Values | Q3: Other than Dates | R3: =TODAY()-1 -> 46153 | S3: Total Stock | T3: CDPL+CFPL | U3: =U4+'Pivot Dates'!Y4 -> 850229.01 | V3: Value/KG | W3: =W4+'Pivot Dates'!AA4 -> 1.8624601e+08
C4: Savla | F4: A-185 Cold | I4: Total Total Kgs | J4: Total Average of Rate | K4: Total Sum of Value | Q4: =TODAY()-1 -> 46153 | R4: Storage Location | S4: Savla | T4: A-185 Cold | U4: =U13+U18+U20+U23+U32+U38+U43+U45+U55+U57+U70+U75+U81+U83+U92+U11+U120+U123+U59+U131+U136+U138+U126 -> 50183.51 | V4: =W4/U4 -> 561.33598 | W4: =W13+W18+W20+W23+W32+W38+W43+W45+W55+W57+W70+W75+W81+W83+W92+W11+W120+W123+W59+W131+W136+W138+W126 -> 28169810
A5: Group Name* | B5: Item Display Name* | C5: Total Kgs | D5: Average of Rate | E5: Sum of Value | F5: Total Kgs | G5: Average of Rate | H5: Sum of Value | Q5: Group Name* | R5: Item Display Name* | S5: Total Kgs | T5: Total Kgs | U5: Total Kgs | V5: Avg Rate/Kg | W5: Approximate Value
A6: Almond | B6: Almond Blanched, whole | F6: 40 | G6: 650 | H6: 26000 | I6: 40 | J6: 650 | K6: 26000 | Q6: Almond | R6: Almond Blanched, whole | S6: =VLOOKUP(R6,B:N,2,0) -> 0 | T6: =VLOOKUP(R6,B:N,5,0) -> 40 | U6: =SUM(S6:T6) -> 40 | V6: =W6/U6 -> 650 | W6: =VLOOKUP(R6,B:N,10,0) -> 26000
B7: Almond Kernels 20-22 | F7: 727 | G7: 750 | H7: 545250 | I7: 727 | J7: 750 | K7: 545250 | R7: Almond Kernels 20-22 | S7: =VLOOKUP(R7,B:N,2,0) -> 0 | T7: =VLOOKUP(R7,B:N,5,0) -> 727 | U7: =SUM(S7:T7) -> 727 | V7: =W7/U7 -> 750 | W7: =VLOOKUP(R7,B:N,10,0) -> 545250
B8: Roasted & Salted Almonds | F8: 118.45 | G8: 650 | H8: 76992.5 | I8: 118.45 | J8: 650 | K8: 76992.5 | R8: California Almond Inshell Blue Diamond | S8: 0 | T8: 0 | U8: 0 | V8: =W8/U8 -> #DIV/0! | W8: 0
B9: Smoked Almonds August RTV | F9: 541 | G9: 595 | H9: 321895 | I9: 541 | J9: 595 | K9: 321895 | R9: Roasted & Salted Almonds | S9: =VLOOKUP(R9,B:N,2,0) -> 0 | T9: =VLOOKUP(R9,B:N,5,0) -> 118.45 | U9: =SUM(S9:T9) -> 118.45 | V9: =W9/U9 -> 650 | W9: =VLOOKUP(R9,B:N,10,0) -> 76992.5
A10: Almond Total | F10: 1426.45 | G10: 661.25 | H10: 970137.5 | I10: 1426.45 | J10: 661.25 | K10: 970137.5 | R10: Smoked Almonds August RTV | S10: =VLOOKUP(R10,B:N,2,0) -> 0 | T10: =VLOOKUP(R10,B:N,5,0) -> 541 | U10: =SUM(S10:T10) -> 541 | V10: =W10/U10 -> 595 | W10: =VLOOKUP(R10,B:N,10,0) -> 321895
A11: Anjeer | B11: Dried Anjeer 200gm RTV | F11: 10.4 | G11: 1100 | H11: 11440 | I11: 10.4 | J11: 1100 | K11: 11440 | Q11: Almond Total | S11: =SUM(S6:S10) -> 0 | T11: =SUM(T6:T10) -> 1426.45 | U11: =SUM(U6:U10) -> 1426.45 | V11: =W11/U11 -> 680.10621 | W11: =SUM(W6:W10) -> 970137.5
A12: Anjeer Total | F12: 10.4 | G12: 1100 | H12: 11440 | I12: 10.4 | J12: 1100 | K12: 11440 | Q12: Anjeer | R12: Dried Anjeer 200gm RTV | S12: =VLOOKUP(R12,B:N,2,0) -> 0 | T12: =VLOOKUP(R12,B:N,5,0) -> 10.4 | U12: =SUM(S12:T12) -> 10.4 | V12: =W12/U12 -> 1100 | W12: =VLOOKUP(R12,B:N,10,0) -> 11440
A13: Apricot | B13: Afghan Apricot 1*2 | F13: 18 | G13: 380 | H13: 6840 | I13: 18 | J13: 380 | K13: 6840 | Q13: Anjeer Total | S13: =SUM(S12:S12) -> 0 | T13: =SUM(T12:T12) -> 10.4 | U13: =SUM(U12:U12) -> 10.4 | V13: =W13/U13 -> 1100 | W13: =SUM(W12:W12) -> 11440
B14: Turkey Apricot No 0 | C14: 310 | D14: 650 | E14: 201500 | I14: 310 | J14: 650 | K14: 201500 | Q14: Apricot | R14: Afghan Apricot 1*2 | S14: =VLOOKUP(R14,B:N,2,0) -> 0 | T14: =VLOOKUP(R14,B:N,5,0) -> 18 | U14: =SUM(S14:T14) -> 18 | V14: =W14/U14 -> 380 | W14: =VLOOKUP(R14,B:N,10,0) -> 6840
B15: Turkey Apricot No 3 | C15: 1904 | D15: 780 | E15: 1485120 | I15: 1904 | J15: 780 | K15: 1485120 | R15: Apricot 1x2 | S15: 0 | T15: 0 | U15: =SUM(S15:T15) -> 0 | V15: =W15/U15 -> #DIV/0! | W15: 0
A16: Apricot Total | C16: 2214 | D16: 736.66667 | E16: 1686620 | F16: 18 | G16: 380 | H16: 6840 | I16: 2232 | J16: 647.5 | K16: 1693460 | R16: Turkey Apricot No 0 | S16: =VLOOKUP(R16,B:N,2,0) -> 310 | T16: =VLOOKUP(R16,B:N,5,0) -> 0 | U16: =SUM(S16:T16) -> 310 | V16: =W16/U16 -> 650 | W16: =VLOOKUP(R16,B:N,10,0) -> 201500
A17: BlackCurrant | B17: Dried Black Current | C17: 375 | D17: 490 | E17: 183750 | F17: 134.1 | G17: 490 | H17: 65709 | I17: 509.1 | J17: 490 | K17: 249459 | R17: Turkey Apricot No 3 | S17: =VLOOKUP(R17,B:N,2,0) -> 1904 | T17: =VLOOKUP(R17,B:N,5,0) -> 0 | U17: =SUM(S17:T17) -> 1904 | V17: =W17/U17 -> 780 | W17: =VLOOKUP(R17,B:N,10,0) -> 1485120
A18: BlackCurrant Total | C18: 375 | D18: 490 | E18: 183750 | F18: 134.1 | G18: 490 | H18: 65709 | I18: 509.1 | J18: 490 | K18: 249459 | Q18: Apricot Total | S18: =SUM(S14:S17) -> 2214 | T18: =SUM(T14:T17) -> 18 | U18: =SUM(U14:U17) -> 2232 | V18: =W18/U18 -> 758.71864 | W18: =SUM(W14:W17) -> 1693460
A19: Blueberry | B19: Dried Blueberry | F19: 194.4 | G19: 1130 | H19: 219672 | I19: 194.4 | J19: 1130 | K19: 219672 | Q19: BlackCurrant | R19: Dried Black Current | S19: =VLOOKUP(R19,B:N,2,0) -> 375 | T19: =VLOOKUP(R19,B:N,5,0) -> 134.1 | U19: =SUM(S19:T19) -> 509.1 | V19: =W19/U19 -> 490 | W19: =VLOOKUP(R19,B:N,10,0) -> 249459
B20: Dried Blueberry Whole-Apple Infused | C20: 99.88 | D20: 1270 | E20: 126847.6 | I20: 99.88 | J20: 1270 | K20: 126847.6 | Q20: BlackCurrant Total | S20: =SUM(S19:S19) -> 375 | T20: =SUM(T19:T19) -> 134.1 | U20: =SUM(U19:U19) -> 509.1 | V20: =W20/U20 -> 490 | W20: =SUM(W19:W19) -> 249459
A21: Blueberry Total | C21: 99.88 | D21: 1270 | E21: 126847.6 | F21: 194.4 | G21: 1130 | H21: 219672 | I21: 294.28 | J21: 1223.3333 | K21: 346519.6 | Q21: Blueberry | R21: Dried Blueberry Whole-Apple Infused | S21: =VLOOKUP(R21,B:N,2,0) -> 99.88 | T21: =VLOOKUP(R21,B:N,5,0) -> 0 | U21: =SUM(S21:T21) -> 99.88 | V21: =W21/U21 -> 1270 | W21: =VLOOKUP(R21,B:N,10,0) -> 126847.6
A22: Brazil Nuts | B22: Brazil Nuts | C22: 200 | D22: 2700 | E22: 540000 | F22: 8.8 | G22: 2800 | H22: 24640 | I22: 208.8 | J22: 2750 | K22: 564640 | R22: Dried Blueberry | S22: =VLOOKUP(R22,B:N,2,0) -> 0 | T22: =VLOOKUP(R22,B:N,5,0) -> 194.4 | U22: =SUM(S22:T22) -> 194.4 | V22: =W22/U22 -> 1130 | W22: =VLOOKUP(R22,B:N,10,0) -> 219672
A23: Brazil Nuts Total | C23: 200 | D23: 2700 | E23: 540000 | F23: 8.8 | G23: 2800 | H23: 24640 | I23: 208.8 | J23: 2750 | K23: 564640 | Q23: Blueberry Total | S23: =SUM(S21:S22) -> 99.88 | T23: =SUM(T21:T22) -> 194.4 | U23: =SUM(U21:U22) -> 294.28 | V23: =W23/U23 -> 1177.5167 | W23: =SUM(W21:W22) -> 346519.6
A24: Cashew Kernel | B24: BLACK PEPPER CASHEW | F24: 22.6 | G24: 900 | H24: 20340 | I24: 22.6 | J24: 900 | K24: 20340 | Q24: Cashew Kernel | R24: Cashew Kernels W 180 | S24: 0 | T24: 0 | U24: =SUM(S24:T24) -> 0 | V24: =W24/U24 -> #DIV/0! | W24: 0
B25: Carnival Roasted & Salted Cashew 200g | F25: 90 | G25: 800 | H25: 72000 | I25: 90 | J25: 800 | K25: 72000 | R25: Cashew Kernels W 210 | S25: 0 | T25: 0 | U25: =SUM(S25:T25) -> 0 | V25: =W25/U25 -> #DIV/0! | W25: 0
B26: Cashew Kernel | F26: 39.3 | G26: 715 | H26: 28099.5 | I26: 39.3 | J26: 715 | K26: 28099.5 | R26: Cashew Kernels W 240 | S26: 0 | T26: 0 | U26: =SUM(S26:T26) -> 0 | V26: =W26/U26 -> #DIV/0! | W26: 0
B27: Cheese Cashew | F27: 1 | G27: 880 | H27: 880 | I27: 1 | J27: 880 | K27: 880 | R27: BLACK PEPPER CASHEW | S27: =VLOOKUP(R27,B:N,2,0) -> 0 | T27: =VLOOKUP(R27,B:N,5,0) -> 22.6 | U27: =SUM(S27:T27) -> 22.6 | V27: =W27/U27 -> 900 | W27: =VLOOKUP(R27,B:N,10,0) -> 20340
B28: Roasted & Salted Cashew | F28: 13.5 | G28: 800 | H28: 10800 | I28: 13.5 | J28: 800 | K28: 10800 | R28: Carnival Roasted & Salted Cashew 200g | S28: =VLOOKUP(R28,B:N,2,0) -> 0 | T28: =VLOOKUP(R28,B:N,5,0) -> 90 | U28: =SUM(S28:T28) -> 90 | V28: =W28/U28 -> 800 | W28: =VLOOKUP(R28,B:N,10,0) -> 72000
A29: Cashew Kernel Total | F29: 166.4 | G29: 819 | H29: 132119.5 | I29: 166.4 | J29: 819 | K29: 132119.5 | R29: Cheese Cashew | S29: =VLOOKUP(R29,B:N,2,0) -> 0 | T29: =VLOOKUP(R29,B:N,5,0) -> 1 | U29: =SUM(S29:T29) -> 1 | V29: =W29/U29 -> 880 | W29: =VLOOKUP(R29,B:N,10,0) -> 880
A30: Cranberry | B30: Chatpata Cranberry | F30: 126.5 | G30: 540 | H30: 68310 | I30: 126.5 | J30: 540 | K30: 68310 | R30: Cashew Kernel | S30: =VLOOKUP(R30,B:N,2,0) -> 0 | T30: =VLOOKUP(R30,B:N,5,0) -> 39.3 | U30: =SUM(S30:T30) -> 39.3 | V30: =W30/U30 -> 715 | W30: =VLOOKUP(R30,B:N,10,0) -> 28099.5
B31: Dried Cranberry Sliced | C31: 2268 | D31: 360 | E31: 816480 | F31: 4581 | G31: 360 | H31: 1649160 | I31: 6849 | J31: 360 | K31: 2465640 | R31: Roasted & Salted Cashew | S31: =VLOOKUP(R31,B:N,2,0) -> 0 | T31: =VLOOKUP(R31,B:N,5,0) -> 13.5 | U31: =SUM(S31:T31) -> 13.5 | V31: =W31/U31 -> 800 | W31: =VLOOKUP(R31,B:N,10,0) -> 10800
B32: Dried Cranberry Whole | C32: 7223.58 | D32: 415 | E32: 2997785.7 | F32: 498.96 | G32: 415 | H32: 207068.4 | I32: 7722.54 | J32: 415 | K32: 3204854.1 | Q32: Cashew Kernel Total | S32: =SUM(S24:S31) -> 0 | T32: =SUM(T24:T31) -> 166.4 | U32: =SUM(U24:U31) -> 166.4 | V32: =W32/U32 -> 793.98738 | W32: =SUM(W24:W31) -> 132119.5
B33: Dried Cranberry Whole - Meduri | C33: 181.6 | D33: 735 | E33: 134111.6 | I33: 181.6 | J33: 735 | K33: 134111.6 | Q33: Cranberry | R33: Dried Cranberry Sliced | S33: =VLOOKUP(R33,B:N,2,0) -> 2268 | T33: =VLOOKUP(R33,B:N,5,0) -> 4581 | U33: =SUM(S33:T33) -> 6849 | V33: =W33/U33 -> 360 | W33: =VLOOKUP(R33,B:N,10,0) -> 2465640
B34: Pan Cranberry | F34: 21.8 | G34: 500 | H34: 10900 | I34: 21.8 | J34: 500 | K34: 10900 | R34: Dried Cranberry Whole | S34: =VLOOKUP(R34,B:N,2,0) -> 7223.58 | T34: =VLOOKUP(R34,B:N,5,0) -> 498.96 | U34: =SUM(S34:T34) -> 7722.54 | V34: =W34/U34 -> 415 | W34: =VLOOKUP(R34,B:N,10,0) -> 3204854.1
A35: Cranberry Total | C35: 9673.18 | D35: 503.33333 | E35: 3948377.3 | F35: 5228.26 | G35: 453.75 | H35: 1935438.4 | I35: 14901.44 | J35: 483.5 | K35: 5883815.7 | R35: Dried Cranberry Whole - Meduri | S35: =VLOOKUP(R35,B:N,2,0) -> 181.6 | T35: =VLOOKUP(R35,B:N,5,0) -> 0 | U35: =SUM(S35:T35) -> 181.6 | V35: =W35/U35 -> 738.5 | W35: =VLOOKUP(R35,B:N,10,0) -> 134111.6
A36: Dehydrated Fruits | B36: Dried Goji Berry RTV Alimento | C36: 64 | D36: 825 | E36: 52800 | I36: 64 | J36: 825 | K36: 52800 | R36: Chatpata Cranberry | S36: =VLOOKUP(R36,B:N,2,0) -> 0 | T36: =VLOOKUP(R36,B:N,5,0) -> 126.5 | U36: =SUM(S36:T36) -> 126.5 | V36: =W36/U36 -> 540 | W36: =VLOOKUP(R36,B:N,10,0) -> 68310
B37: Dried Kiwi | F37: 5 | G37: 330 | H37: 1650 | I37: 5 | J37: 330 | K37: 1650 | R37: Pan Cranberry | S37: =VLOOKUP(R37,B:N,2,0) -> 0 | T37: =VLOOKUP(R37,B:N,5,0) -> 21.8 | U37: =SUM(S37:T37) -> 21.8 | V37: =W37/U37 -> 500 | W37: =VLOOKUP(R37,B:N,10,0) -> 10900
B38: Dried Mango Loose | F38: 3.5 | G38: 465 | H38: 1627.5 | I38: 3.5 | J38: 465 | K38: 1627.5 | Q38: Cranberry Total | S38: =SUM(S33:S37) -> 9673.18 | T38: =SUM(T33:T37) -> 5228.26 | U38: =SUM(U33:U37) -> 14901.44 | V38: =W38/U38 -> 394.8488 | W38: =SUM(W33:W37) -> 5883815.7
B39: Dried Orange Peel | F39: 30 | G39: 750 | H39: 22500 | I39: 30 | J39: 750 | K39: 22500 | Q39: Dehydrated Fruits | R39: Dried Orange Peel | S39: =VLOOKUP(R39,B:N,2,0) -> 0 | T39: =VLOOKUP(R39,B:N,5,0) -> 30 | U39: =SUM(S39:T39) -> 30 | V39: =W39/U39 -> 750 | W39: =VLOOKUP(R39,B:N,10,0) -> 22500
A40: Dehydrated Fruits Total | C40: 64 | D40: 825 | E40: 52800 | F40: 38.5 | G40: 515 | H40: 25777.5 | I40: 102.5 | J40: 592.5 | K40: 78577.5 | R40: Dried Kiwi | S40: =VLOOKUP(R40,B:N,2,0) -> 0 | T40: =VLOOKUP(R40,B:N,5,0) -> 5 | U40: =SUM(S40:T40) -> 5 | V40: =W40/U40 -> 330 | W40: =VLOOKUP(R40,B:N,10,0) -> 1650
A41: Festive Hamper | B41: Mewa Mix Dryfruit Box 580gm | F41: 5.22 | G41: 655 | H41: 3419.1 | I41: 5.22 | J41: 655 | K41: 3419.1 | R41: Dried Goji Berry RTV Alimento | S41: =VLOOKUP(R41,B:N,2,0) -> 64 | T41: =VLOOKUP(R41,B:N,5,0) -> 0 | U41: =SUM(S41:T41) -> 64 | V41: =W41/U41 -> 825 | W41: =VLOOKUP(R41,B:N,10,0) -> 52800
B42: SHUBHKAMANYEN 180gm | F42: 5.94 | G42: 140 | H42: 831.6 | I42: 5.94 | J42: 140 | K42: 831.6 | R42: Dried Mango Loose | S42: =VLOOKUP(R42,B:N,2,0) -> 0 | T42: =VLOOKUP(R42,B:N,5,0) -> 3.5 | U42: =SUM(S42:T42) -> 3.5 | V42: =W42/U42 -> 465 | W42: =VLOOKUP(R42,B:N,10,0) -> 1627.5
A43: Festive Hamper Total | F43: 11.16 | G43: 397.5 | H43: 4250.7 | I43: 11.16 | J43: 397.5 | K43: 4250.7 | Q43: Dehydrated Fruits Total | S43: =SUM(S39:S42) -> 64 | T43: =SUM(T39:T42) -> 38.5 | U43: =SUM(U39:U42) -> 102.5 | V43: =W43/U43 -> 766.60976 | W43: =SUM(W39:W42) -> 78577.5
A44: Hazelnut | B44: Hazelnut Kernal Blanched | C44: 210 | D44: 1060 | E44: 222600 | F44: 11.7 | G44: 1280 | H44: 14976 | I44: 221.7 | J44: 1170 | K44: 237576 | Q44: Hazelnut | R44: Hazelnut Kernal Blanched | S44: =VLOOKUP(R44,B:N,2,0) -> 210 | T44: =VLOOKUP(R44,B:N,5,0) -> 11.7 | U44: =SUM(S44:T44) -> 221.7 | V44: =W44/U44 -> 1071.6103 | W44: =VLOOKUP(R44,B:N,10,0) -> 237576
A45: Hazelnut Total | C45: 210 | D45: 1060 | E45: 222600 | F45: 11.7 | G45: 1280 | H45: 14976 | I45: 221.7 | J45: 1170 | K45: 237576 | Q45: Hazelnut Total | S45: =SUM(S44) -> 210 | T45: =SUM(T44) -> 11.7 | U45: =SUM(U44) -> 221.7 | V45: =W45/U45 -> 1071.6103 | W45: =SUM(W44) -> 237576
A46: Macadamia | B46: Macadamia Inshell Vannilla 320CUT | C46: 1120 | D46: 612.5 | E46: 697000 | I46: 1120 | J46: 612.5 | K46: 697000 | Q46: Macadamia Nut | R46: Macadamia Inshell Vannilla 320CUT | S46: =VLOOKUP(R46,B:N,2,0) -> 1120 | T46: =VLOOKUP(R46,B:N,5,0) -> 0 | U46: =SUM(S46:T46) -> 1120 | V46: =W46/U46 -> 622.32143 | W46: =VLOOKUP(R46,B:N,10,0) -> 697000
B47: Macadamia Plain Inshell | C47: 210 | D47: 612.5 | E47: 131000 | F47: 0 | G47: 900 | H47: 0 | I47: 210 | J47: 708.33333 | K47: 131000 | R47: Macadamia Plain Inshell | S47: =VLOOKUP(R47,B:N,2,0) -> 210 | T47: =VLOOKUP(R47,B:N,5,0) -> 0 | U47: =SUM(S47:T47) -> 210 | V47: =W47/U47 -> 623.80952 | W47: =VLOOKUP(R47,B:N,10,0) -> 131000
B48: Macadamia Roasted - Size 0 | C48: 238.14 | D48: 1790 | E48: 426270.6 | I48: 238.14 | J48: 1790 | K48: 426270.6 | R48: Macadamia Roasted - Size 0 | S48: =VLOOKUP(R48,B:N,2,0) -> 238.14 | T48: =VLOOKUP(R48,B:N,5,0) -> 0 | U48: =SUM(S48:T48) -> 238.14 | V48: =W48/U48 -> 1790 | W48: =VLOOKUP(R48,B:N,10,0) -> 426270.6
B49: Macadamia Roasted - Size 1 | C49: 238.14 | D49: 1750 | E49: 416745 | I49: 238.14 | J49: 1750 | K49: 416745 | R49: Macadamia Roasted - Size 1 | S49: =VLOOKUP(R49,B:N,2,0) -> 238.14 | T49: =VLOOKUP(R49,B:N,5,0) -> 0 | U49: =SUM(S49:T49) -> 238.14 | V49: =W49/U49 -> 1750 | W49: =VLOOKUP(R49,B:N,10,0) -> 416745
B50: Macadamia Roasted - Size 4 | C50: 45.36 | D50: 1500 | E50: 68040 | F50: 55 | G50: 1500 | H50: 82500 | I50: 100.36 | J50: 1500 | K50: 150540 | R50: Macadamia Roasted - Size 4 | S50: =VLOOKUP(R50,B:N,2,0) -> 45.36 | T50: =VLOOKUP(R50,B:N,5,0) -> 55 | U50: =SUM(S50:T50) -> 100.36 | V50: =W50/U50 -> 1500 | W50: =VLOOKUP(R50,B:N,10,0) -> 150540
B51: Macadamia Roasted - Size 6 | C51: 362.88 | D51: 900 | E51: 326592 | F51: 11.34 | G51: 900 | H51: 10206 | I51: 374.22 | J51: 900 | K51: 336798 | R51: Macadamia Roasted - Size 6 | S51: =VLOOKUP(R51,B:N,2,0) -> 362.88 | T51: =VLOOKUP(R51,B:N,5,0) -> 11.34 | U51: =SUM(S51:T51) -> 374.22 | V51: =W51/U51 -> 900 | W51: =VLOOKUP(R51,B:N,10,0) -> 336798
B52: Macadamia Roasted & Salted Size -1 | C52: 79.38 | D52: 1433 | E52: 113751.54 | I52: 79.38 | J52: 1433 | K52: 113751.54 | R52: Macadamia Roasted & Salted Size -1 | S52: =VLOOKUP(R52,B:N,2,0) -> 79.38 | T52: =VLOOKUP(R52,B:N,5,0) -> 0 | U52: =SUM(S52:T52) -> 79.38 | V52: =W52/U52 -> 1433 | W52: =VLOOKUP(R52,B:N,10,0) -> 113751.54
B53: Macadamia Roasted & Salted Size -4 | C53: 158.76 | D53: 1277 | E53: 202736.52 | I53: 158.76 | J53: 1277 | K53: 202736.52 | R53: Macadamia Roasted & Salted Size -4 | S53: =VLOOKUP(R53,B:N,2,0) -> 158.76 | T53: =VLOOKUP(R53,B:N,5,0) -> 0 | U53: =SUM(S53:T53) -> 158.76 | V53: =W53/U53 -> 1277 | W53: =VLOOKUP(R53,B:N,10,0) -> 202736.52
B54: Macadamia Roasted Size -4L | C54: 771.12 | D54: 1290 | E54: 994744.8 | I54: 771.12 | J54: 1290 | K54: 994744.8 | R54: Macadamia Roasted Size -4L | S54: =VLOOKUP(R54,B:N,2,0) -> 771.12 | T54: =VLOOKUP(R54,B:N,5,0) -> 0 | U54: =SUM(S54:T54) -> 771.12 | V54: =W54/U54 -> 1290 | W54: =VLOOKUP(R54,B:N,10,0) -> 994744.8
A55: Macadamia Total | C55: 3223.78 | D55: 1107.5 | E55: 3376880.5 | F55: 66.34 | G55: 1100 | H55: 92706 | I55: 3290.12 | J55: 1106 | K55: 3469586.5 | Q55: Macadamia Nut Total | S55: =SUM(S46:S54) -> 3223.78 | T55: =SUM(T46:T54) -> 66.34 | U55: =SUM(U46:U54) -> 3290.12 | V55: =W55/U55 -> 1054.5471 | W55: =SUM(W46:W54) -> 3469586.5
A56: Macadamia Paste | B56: Macadamia Paste | C56: 180 | D56: 1676.8 | E56: 301824 | I56: 180 | J56: 1676.8 | K56: 301824 | Q56: Macadamia Paste | R56: Macadamia Paste | S56: =VLOOKUP(R56,B:N,2,0) -> 180 | T56: =VLOOKUP(R56,B:N,5,0) -> 0 | U56: =SUM(S56:T56) -> 180 | V56: =W56/U56 -> 1676.8 | W56: =VLOOKUP(R56,B:N,10,0) -> 301824
A57: Macadamia Paste Total | C57: 180 | D57: 1676.8 | E57: 301824 | I57: 180 | J57: 1676.8 | K57: 301824 | Q57: Macadamia Paste Total | S57: =SUM(S56) -> 180 | T57: =SUM(T56) -> 0 | U57: =SUM(U56) -> 180 | V57: =W57/U57 -> 1676.8 | W57: =SUM(W56) -> 301824
A58: Makhana | B58: Makhana 4+ Sutta | F58: 0 | G58: 1235 | H58: 0 | I58: 0 | J58: 1235 | K58: 0 | Q58: Makhana | R58: Makhana 4+ Sutta | S58: =VLOOKUP(R58,B:N,2,0) -> 0 | T58: =VLOOKUP(R58,B:N,5,0) -> 0 | U58: =SUM(S58:T58) -> 0 | V58: =W58/U58 -> #DIV/0! | W58: =VLOOKUP(R58,B:N,10,0) -> 0
A59: Makhana Total | F59: 0 | G59: 1235 | H59: 0 | I59: 0 | J59: 1235 | K59: 0 | Q59: Makhana Total | S59: =SUM(S58:S58) -> 0 | T59: =SUM(T58:T58) -> 0 | U59: =SUM(U58:U58) -> 0 | V59: =W59/U59 -> #DIV/0! | W59: =SUM(W58:W58) -> 0
A60: Peanut | B60: Barbeque Coated Peanut | F60: 10.5 | G60: 130 | H60: 1365 | I60: 10.5 | J60: 130 | K60: 1365 | Q60: Peanut | R60: Peanuts | S60: =VLOOKUP(R60,B:N,2,0) -> 0 | T60: =VLOOKUP(R60,B:N,5,0) -> 650 | U60: =SUM(S60:T60) -> 650 | V60: =W60/U60 -> 120 | W60: =VLOOKUP(R60,B:N,10,0) -> 78000
B61: Coated Peanuts | F61: 9.6 | G61: 130 | H61: 1248 | I61: 9.6 | J61: 130 | K61: 1248 | R61: ROASTED BLANCHED PEANUT Old Savla | S61: =VLOOKUP(R61,B:N,2,0) -> 0 | T61: =VLOOKUP(R61,B:N,5,0) -> 1497 | U61: =SUM(S61:T61) -> 1497 | V61: =W61/U61 -> 270 | W61: =VLOOKUP(R61,B:N,10,0) -> 404190
B62: Honey Chipotle Coated Peanut | F62: 15.8 | G62: 130 | H62: 2054 | I62: 15.8 | J62: 130 | K62: 2054 | R62: Peanuts Split | S62: =VLOOKUP(R62,B:N,2,0) -> 0 | T62: =VLOOKUP(R62,B:N,5,0) -> 13.7 | U62: =SUM(S62:T62) -> 13.7 | V62: =W62/U62 -> 112 | W62: =VLOOKUP(R62,B:N,10,0) -> 1534.4
B63: Krack Nut Coated Peanuts Tandoori Toofan 1 Kg | F63: 13.2 | G63: 130 | H63: 1716 | I63: 13.2 | J63: 130 | K63: 1716 | R63: Coated Peanuts | S63: =VLOOKUP(R63,B:N,2,0) -> 0 | T63: =VLOOKUP(R63,B:N,5,0) -> 9.6 | U63: =SUM(S63:T63) -> 9.6 | V63: =W63/U63 -> 130 | W63: =VLOOKUP(R63,B:N,10,0) -> 1248
B64: Krack Nut Coated Peanuts Thai Firangi 85g | F64: 25.93 | G64: 130 | H64: 3370.9 | I64: 25.93 | J64: 130 | K64: 3370.9 | R64: Krack Nut Coated Peanuts Tandoori Toofan 1 Kg | S64: =VLOOKUP(R64,B:N,2,0) -> 0 | T64: =VLOOKUP(R64,B:N,5,0) -> 13.2 | U64: =SUM(S64:T64) -> 13.2 | V64: =W64/U64 -> 130 | W64: =VLOOKUP(R64,B:N,10,0) -> 1716
B65: Kracknut Coated Peanuts-Pudhina Patakha 1kg | F65: 3.7 | G65: 130 | H65: 481 | I65: 3.7 | J65: 130 | K65: 481 | R65: Krack Nut Coated Peanuts Thai Firangi 85g | S65: =VLOOKUP(R65,B:N,2,0) -> 0 | T65: =VLOOKUP(R65,B:N,5,0) -> 25.93 | U65: =SUM(S65:T65) -> 25.93 | V65: =W65/U65 -> 130 | W65: =VLOOKUP(R65,B:N,10,0) -> 3370.9
B66: Peanuts | F66: 650 | G66: 120 | H66: 78000 | I66: 650 | J66: 120 | K66: 78000 | R66: Kracknut Coated Peanuts-Pudhina Patakha 1kg | S66: =VLOOKUP(R66,B:N,2,0) -> 0 | T66: =VLOOKUP(R66,B:N,5,0) -> 3.7 | U66: =SUM(S66:T66) -> 3.7 | V66: =W66/U66 -> 130 | W66: =VLOOKUP(R66,B:N,10,0) -> 481
B67: Peanuts Split | F67: 13.7 | G67: 112 | H67: 1534.4 | I67: 13.7 | J67: 112 | K67: 1534.4 | R67: snack amor Coated Peanuts Pudina Patakha 100g | S67: =VLOOKUP(R67,B:N,2,0) -> 0 | T67: =VLOOKUP(R67,B:N,5,0) -> 0 | U67: =SUM(S67:T67) -> 0 | V67: =W67/U67 -> #DIV/0! | W67: =VLOOKUP(R67,B:N,10,0) -> 0
B68: ROASTED BLANCHED PEANUT Old Savla | F68: 1497 | G68: 270 | H68: 404190 | I68: 1497 | J68: 270 | K68: 404190 | R68: Barbeque Coated Peanut | S68: =VLOOKUP(R68,B:N,2,0) -> 0 | T68: =VLOOKUP(R68,B:N,5,0) -> 10.5 | U68: =SUM(S68:T68) -> 10.5 | V68: =W68/U68 -> 130 | W68: =VLOOKUP(R68,B:N,10,0) -> 1365
B69: snack amor Coated Peanuts Pudina Patakha 100g | F69: 0 | G69: 130 | H69: 0 | I69: 0 | J69: 130 | K69: 0 | R69: Honey Chipotle Coated Peanut | S69: =VLOOKUP(R69,B:N,2,0) -> 0 | T69: =VLOOKUP(R69,B:N,5,0) -> 15.8 | U69: =SUM(S69:T69) -> 15.8 | V69: =W69/U69 -> 130 | W69: =VLOOKUP(R69,B:N,10,0) -> 2054
A70: Peanut Total | F70: 2239.43 | G70: 141.2 | H70: 493959.3 | I70: 2239.43 | J70: 141.2 | K70: 493959.3 | Q70: Peanut Total | S70: =SUM(S60:S69) -> 0 | T70: =SUM(T60:T69) -> 2239.43 | U70: =SUM(U60:U69) -> 2239.43 | V70: =W70/U70 -> 220.57367 | W70: =SUM(W60:W69) -> 493959.3
A71: Pecan Nut | B71: Pecan Nut Kernel | C71: 421.6 | D71: 1550 | E71: 653480 | I71: 421.6 | J71: 1550 | K71: 653480 | Q71: Pecan Nut | R71: Pecan Nut Tukda | S71: =VLOOKUP(R71,B:N,2,0) -> 720.8 | T71: =VLOOKUP(R71,B:N,5,0) -> 0 | U71: =SUM(S71:T71) -> 720.8 | V71: =W71/U71 -> 1380 | W71: =VLOOKUP(R71,B:N,10,0) -> 994704
B72: Pecan Nut Tukda | C72: 720.8 | D72: 1380 | E72: 994704 | I72: 720.8 | J72: 1380 | K72: 994704 | R72: Pecan Nut Kernel | S72: =VLOOKUP(R72,B:N,2,0) -> 421.6 | T72: =VLOOKUP(R72,B:N,5,0) -> 0 | U72: =SUM(S72:T72) -> 421.6 | V72: =W72/U72 -> 1550 | W72: =VLOOKUP(R72,B:N,10,0) -> 653480
B73: Pecan Nuts | F73: 186 | G73: 1440 | H73: 267840 | I73: 186 | J73: 1440 | K73: 267840 | R73: Pecan Nuts | S73: =VLOOKUP(R73,B:N,2,0) -> 0 | T73: =VLOOKUP(R73,B:N,5,0) -> 186 | U73: =SUM(S73:T73) -> 186 | V73: =W73/U73 -> 1440 | W73: =VLOOKUP(R73,B:N,10,0) -> 267840
B74: Pecan Nuts Inshell | F74: 90 | G74: 464.5 | H74: 41805 | I74: 90 | J74: 464.5 | K74: 41805 | R74: Pecan Nuts Inshell | S74: =VLOOKUP(R74,B:N,2,0) -> 0 | T74: =VLOOKUP(R74,B:N,5,0) -> 90 | U74: =SUM(S74:T74) -> 90 | V74: =W74/U74 -> 464.5 | W74: =VLOOKUP(R74,B:N,10,0) -> 41805
A75: Pecan Nut Total | C75: 1142.4 | D75: 1428.5714 | E75: 1648184 | F75: 276 | G75: 952.25 | H75: 309645 | I75: 1418.4 | J75: 1322.7222 | K75: 1957829 | Q75: Pecan Nut Total | S75: =SUM(S71:S74) -> 1142.4 | T75: =SUM(T71:T74) -> 276 | U75: =SUM(U71:U74) -> 1418.4 | V75: =W75/U75 -> 1380.3081 | W75: =SUM(W71:W74) -> 1957829
A76: Pistachios | B76: California Pista Inshell 21-25 | F76: 16 | G76: 834 | H76: 13344 | I76: 16 | J76: 834 | K76: 13344 | Q76: Pistachios | R76: California Pistachios Inshell 18-20 | S76: =VLOOKUP(R76,B:N,2,0) -> 2143.26 | T76: =VLOOKUP(R76,B:N,5,0) -> 0 | U76: =SUM(S76:T76) -> 2143.26 | V76: =W76/U76 -> 876.66 | W76: =VLOOKUP(R76,B:N,10,0) -> 1878910.3
B77: California Pista Inshell Roasted and Salted | F77: 114 | G77: 900 | H77: 102600 | I77: 114 | J77: 900 | K77: 102600 | R77: California Pista Inshell 21-25 | S77: =VLOOKUP(R77,B:N,2,0) -> 0 | T77: =VLOOKUP(R77,B:N,5,0) -> 16 | U77: =SUM(S77:T77) -> 16 | V77: =W77/U77 -> 834 | W77: =VLOOKUP(R77,B:N,10,0) -> 13344
B78: California Pistachios Inshell 18-20 | C78: 2143.26 | D78: 876.66 | E78: 1878910.3 | I78: 2143.26 | J78: 876.66 | K78: 1878910.3 | R78: Pista Kernal Roasted and Salted | S78: =VLOOKUP(R78,B:N,2,0) -> 0 | T78: =VLOOKUP(R78,B:N,5,0) -> 1249 | U78: =SUM(S78:T78) -> 1249 | V78: =W78/U78 -> 650 | W78: =VLOOKUP(R78,B:N,10,0) -> 811850
B79: Pista Kernal Roasted and Salted | F79: 1249 | G79: 650 | H79: 811850 | I79: 1249 | J79: 650 | K79: 811850 | R79: Pista Kernel | S79: =VLOOKUP(R79,B:N,2,0) -> 0 | T79: =VLOOKUP(R79,B:N,5,0) -> 295 | U79: =SUM(S79:T79) -> 295 | V79: =W79/U79 -> 1500 | W79: =VLOOKUP(R79,B:N,10,0) -> 442500
B80: Pista Kernel | F80: 295 | G80: 1500 | H80: 442500 | I80: 295 | J80: 1500 | K80: 442500 | R80: California Pista Inshell Roasted and Salted | S80: =VLOOKUP(R80,B:N,2,0) -> 0 | T80: =VLOOKUP(R80,B:N,5,0) -> 114 | U80: =SUM(S80:T80) -> 114 | V80: =W80/U80 -> 900 | W80: =VLOOKUP(R80,B:N,10,0) -> 102600
A81: Pistachios Total | C81: 2143.26 | D81: 876.66 | E81: 1878910.3 | F81: 1674 | G81: 971 | H81: 1370294 | I81: 3817.26 | J81: 952.132 | K81: 3249204.3 | Q81: Pistachios Total | S81: =SUM(S76:S80) -> 2143.26 | T81: =SUM(T76:T80) -> 1674 | U81: =SUM(U76:U80) -> 3817.26 | V81: =W81/U81 -> 851.18758 | W81: =SUM(W76:W80) -> 3249204.3
A82: Prunes | B82: Dried Prunes Pitted - Wilbur | C82: 5068.98 | D82: 470 | E82: 2382420.6 | F82: 4486 | G82: 470 | H82: 2108420 | I82: 9554.98 | J82: 470 | K82: 4490840.6 | Q82: Prunes | R82: Dried Prunes Pitted - Wilbur | S82: =VLOOKUP(R82,B:N,2,0) -> 5068.98 | T82: =VLOOKUP(R82,B:N,5,0) -> 4486 | U82: =SUM(S82:T82) -> 9554.98 | V82: =W82/U82 -> 470 | W82: =VLOOKUP(R82,B:N,10,0) -> 4490840.6
A83: Prunes Total | C83: 5068.98 | D83: 470 | E83: 2382420.6 | F83: 4486 | G83: 470 | H83: 2108420 | I83: 9554.98 | J83: 470 | K83: 4490840.6 | Q83: Prunes Total | S83: =SUM(S82:S82) -> 5068.98 | T83: =SUM(T82:T82) -> 4486 | U83: =SUM(U82:U82) -> 9554.98 | V83: =W83/U83 -> 470 | W83: =SUM(W82:W82) -> 4490840.6
A84: Raisins | B84: Afghan Black Raisins Seeded 1*2 | F84: 599 | G84: 266 | H84: 159334 | I84: 599 | J84: 266 | K84: 159334 | Q84: Raisins | R84: Afghan Black Raisins Seeded 1*2 | S84: =VLOOKUP(R84,B:N,2,0) -> 0 | T84: =VLOOKUP(R84,B:N,5,0) -> 599 | U84: =SUM(S84:T84) -> 599 | V84: =W84/U84 -> 266 | W84: =VLOOKUP(R84,B:N,10,0) -> 159334
B85: Afghan Black Raisins Seedless 1*2 | F85: 588 | G85: 370 | H85: 217560 | I85: 588 | J85: 370 | K85: 217560 | R85: Afghan Black Raisins Seedless 1*2 | S85: =VLOOKUP(R85,B:N,2,0) -> 0 | T85: =VLOOKUP(R85,B:N,5,0) -> 588 | U85: =SUM(S85:T85) -> 588 | V85: =W85/U85 -> 370 | W85: =VLOOKUP(R85,B:N,10,0) -> 217560
B86: Afghan Kishmish | C86: 40 | D86: 501 | E86: 20040 | I86: 40 | J86: 501 | K86: 20040 | R86: Afghan Kishmish | S86: =VLOOKUP(R86,B:N,2,0) -> 40 | T86: =VLOOKUP(R86,B:N,5,0) -> 0 | U86: =SUM(S86:T86) -> 40 | V86: =W86/U86 -> 501 | W86: =VLOOKUP(R86,B:N,10,0) -> 20040
B87: Afghan Munakka / Abjosh 1X2 | F87: 32 | G87: 725 | H87: 23200 | I87: 32 | J87: 725 | K87: 23200 | R87: Afghan Munakka / Abjosh 1X2 | S87: =VLOOKUP(R87,B:N,2,0) -> 0 | T87: =VLOOKUP(R87,B:N,5,0) -> 32 | U87: =SUM(S87:T87) -> 32 | V87: =W87/U87 -> 725 | W87: =VLOOKUP(R87,B:N,10,0) -> 23200
B88: Black Raisin Seeded 1x2 Align Return | C88: 0 | D88: 266 | E88: 0 | I88: 0 | J88: 266 | K88: 0 | R88: Black Raisin Seeded 1x2 Align Return | S88: =VLOOKUP(R88,B:N,2,0) -> 0 | T88: =VLOOKUP(R88,B:N,5,0) -> 0 | U88: =SUM(S88:T88) -> 0 | V88: =W88/U88 -> #DIV/0! | W88: =VLOOKUP(R88,B:N,10,0) -> 0
B89: Carnival Pan Raisin 100gm | F89: 7.5 | G89: 600 | H89: 4500 | I89: 7.5 | J89: 600 | K89: 4500 | R89: Carnival Pan Raisin 100gm | S89: =VLOOKUP(R89,B:N,2,0) -> 0 | T89: =VLOOKUP(R89,B:N,5,0) -> 7.5 | U89: =SUM(S89:T89) -> 7.5 | V89: =W89/U89 -> 600 | W89: =VLOOKUP(R89,B:N,10,0) -> 4500
B90: Indian Green Raisins | C90: 2025 | D90: 339.90625 | E90: 695711.25 | F90: 0 | G90: 400 | H90: 0 | I90: 2025 | J90: 346.58333 | K90: 695711.25 | R90: Indian Green Raisins | S90: =VLOOKUP(R90,B:N,2,0) -> 2025 | T90: =VLOOKUP(R90,B:N,5,0) -> 0 | U90: =SUM(S90:T90) -> 2025 | V90: =W90/U90 -> 343.56111 | W90: =VLOOKUP(R90,B:N,10,0) -> 695711.25
B91: Indian Long Raisins | F91: 4.4 | G91: 295 | H91: 1298 | I91: 4.4 | J91: 295 | K91: 1298 | R91: Indian Long Raisins | S91: =VLOOKUP(R91,B:N,2,0) -> 0 | T91: =VLOOKUP(R91,B:N,5,0) -> 4.4 | U91: =SUM(S91:T91) -> 4.4 | V91: =W91/U91 -> 295 | W91: =VLOOKUP(R91,B:N,10,0) -> 1298
A92: Raisins Total | C92: 2065 | D92: 348.625 | E92: 715751.25 | F92: 1230.9 | G92: 442.66667 | H92: 405892 | I92: 3295.9 | J92: 383.89062 | K92: 1121643.2 | Q92: Raisins Total | S92: =SUM(S84:S91) -> 2065 | T92: =SUM(T84:T91) -> 1230.9 | U92: =SUM(U84:U91) -> 3295.9 | V92: =W92/U92 -> 340.31471 | W92: =SUM(W84:W91) -> 1121643.2
A93: Seasoning | B93: Amchur Powder | F93: 8 | G93: 285 | H93: 2280 | I93: 8 | J93: 285 | K93: 2280 | Q93: Seasoning | R93: Amchur Powder | S93: =VLOOKUP(R93,B:N,2,0) -> 0 | T93: =VLOOKUP(R93,B:N,5,0) -> 8 | U93: =SUM(S93:T93) -> 8 | V93: =W93/U93 -> 285 | W93: =VLOOKUP(R93,B:N,10,0) -> 2280
B94: Anardana Churan | F94: 95 | G94: 260 | H94: 24700 | I94: 95 | J94: 260 | K94: 24700 | R94: Anardana Churan | S94: =VLOOKUP(R94,B:N,2,0) -> 0 | T94: =VLOOKUP(R94,B:N,5,0) -> 95 | U94: =SUM(S94:T94) -> 95 | V94: =W94/U94 -> 260 | W94: =VLOOKUP(R94,B:N,10,0) -> 24700
B95: Anardana Powder | F95: 315 | G95: 230 | H95: 72450 | I95: 315 | J95: 230 | K95: 72450 | R95: Anardana Powder | S95: =VLOOKUP(R95,B:N,2,0) -> 0 | T95: =VLOOKUP(R95,B:N,5,0) -> 315 | U95: =SUM(S95:T95) -> 315 | V95: =W95/U95 -> 230 | W95: =VLOOKUP(R95,B:N,10,0) -> 72450
B96: Barbeque seasoning | F96: 35 | G96: 255 | H96: 8925 | I96: 35 | J96: 255 | K96: 8925 | R96: Barbeque seasoning | S96: =VLOOKUP(R96,B:N,2,0) -> 0 | T96: =VLOOKUP(R96,B:N,5,0) -> 35 | U96: =SUM(S96:T96) -> 35 | V96: =W96/U96 -> 255 | W96: =VLOOKUP(R96,B:N,10,0) -> 8925
B97: Black Pepper Seasoning | F97: 107 | G97: 540 | H97: 57780 | I97: 107 | J97: 540 | K97: 57780 | R97: Black Pepper Seasoning | S97: =VLOOKUP(R97,B:N,2,0) -> 0 | T97: =VLOOKUP(R97,B:N,5,0) -> 107 | U97: =SUM(S97:T97) -> 107 | V97: =W97/U97 -> 540 | W97: =VLOOKUP(R97,B:N,10,0) -> 57780
B98: Butter Seasoning | F98: 25 | G98: 255 | H98: 6375 | I98: 25 | J98: 255 | K98: 6375 | R98: Butter Seasoning | S98: =VLOOKUP(R98,B:N,2,0) -> 0 | T98: =VLOOKUP(R98,B:N,5,0) -> 25 | U98: =SUM(S98:T98) -> 25 | V98: =W98/U98 -> 255 | W98: =VLOOKUP(R98,B:N,10,0) -> 6375
B99: Chatpata Seasoning | F99: 50 | G99: 250 | H99: 12500 | I99: 50 | J99: 250 | K99: 12500 | R99: Chatpata Seasoning | S99: =VLOOKUP(R99,B:N,2,0) -> 0 | T99: =VLOOKUP(R99,B:N,5,0) -> 50 | U99: =SUM(S99:T99) -> 50 | V99: =W99/U99 -> 250 | W99: =VLOOKUP(R99,B:N,10,0) -> 12500
B100: Chilli Garlic Masala Seasoning | F100: 25 | G100: 300 | H100: 7500 | I100: 25 | J100: 300 | K100: 7500 | R100: Chilli Garlic Masala Seasoning | S100: =VLOOKUP(R100,B:N,2,0) -> 0 | T100: =VLOOKUP(R100,B:N,5,0) -> 25 | U100: =SUM(S100:T100) -> 25 | V100: =W100/U100 -> 300 | W100: =VLOOKUP(R100,B:N,10,0) -> 7500
B101: Chipotle Honey Seasoning | F101: 100 | G101: 259 | H101: 25900 | I101: 100 | J101: 259 | K101: 25900 | R101: Chipotle Honey Seasoning | S101: =VLOOKUP(R101,B:N,2,0) -> 0 | T101: =VLOOKUP(R101,B:N,5,0) -> 100 | U101: =SUM(S101:T101) -> 100 | V101: =W101/U101 -> 259 | W101: =VLOOKUP(R101,B:N,10,0) -> 25900
...

Sheet Pivot Dates
B2: =TODAY()-1 -> 46153 | C2: Total Stock | F2: CDPL+CFPL | I2: In Kg | O2: =GETPIVOTDATA("Total Kgs",$A$3) -> 800045.5 | P2: =Q2/O2 -> 197.58401 | Q2: =GETPIVOTDATA("Sum of Value",$A$3) -> 1.580762e+08
C3: Storage Location | D3: Values | S3: For Dates | T3: =TODAY()-1 -> 46153 | U3: Total Stock | V3: CDPL+CFPL | W3: In Kg | Y3: =Y4+'Pivot Other'!U4 -> 850229.01 | Z3: Value/KG | AA3: =AA4+'Pivot Other'!W4 -> 1.8624601e+08
C4: Rishi | F4: Savla | I4: Savla Bond | L4: A-185 Cold | O4: Total Total Kgs | P4: Total Average of Rate | Q4: Total Sum of Value | S4: =TODAY()-1 -> 46153 | T4: Storage Location | U4: Rishi | V4: Savla | W4: Savla Bond | X4: A-185 Cold | Y4: =Y7+Y13+Y17+Y23+Y55+Y67+Y98 -> 800045.5 | Z4: =AA4/Y4 -> 197.58401 | AA4: =AA7+AA13+AA17+AA23+AA55+AA67+AA98 -> 1.580762e+08
A5: Group Name* | B5: Item Display Name* | C5: Total Kgs | D5: Average of Rate | E5: Sum of Value | F5: Total Kgs | G5: Average of Rate | H5: Sum of Value | I5: Total Kgs | J5: Average of Rate | K5: Sum of Value | L5: Total Kgs | M5: Average of Rate | N5: Sum of Value | S5: Group Name* | T5: Item Display Name* | U5: Total Kgs | V5: Total Kgs | W5: Total Kgs | X5: Total Kgs | Y5: Total Kgs | Z5: Avg Rate/Kg | AA5: Approximate Value
A6: Date Paste | B6: Al Barakah Date Paste 12.5KG | F6: 6912.5 | G6: 85 | H6: 587562.5 | I6: 52000 | J6: 85 | K6: 4420000 | O6: 58912.5 | P6: 85 | Q6: 5007562.5 | S6: Date Paste | T6: AL BARAKAH DATE PASTE 12.5KG | U6: =VLOOKUP(T6,B:L,2,0) -> 0 | V6: =VLOOKUP(T6,B:L,5,0) -> 6912.5 | W6: =VLOOKUP(T6,B:L,8,0) -> 52000 | X6: =VLOOKUP(T6,B:L,11,0) -> 0 | Y6: =SUBTOTAL(9,U6:X6) -> 58912.5 | Z6: =AA6/Y6 -> 85 | AA6: =VLOOKUP(T6,B:Q,16,0) -> 5007562.5
A7: Date Paste Total | F7: 6912.5 | G7: 85 | H7: 587562.5 | I7: 52000 | J7: 85 | K7: 4420000 | O7: 58912.5 | P7: 85 | Q7: 5007562.5 | S7: Date Paste Total | U7: =SUM(U6) -> 0 | V7: =SUM(V6) -> 6912.5 | W7: =SUM(W6) -> 52000 | X7: =SUM(X6) -> 0 | Y7: =SUBTOTAL(9,U7:X7) -> 58912.5 | Z7: =AA7/Y7 -> 85 | AA7: =SUM(AA6) -> 5007562.5
A8: Date Powder | B8: 10KG AL BARAKAH DATE POWDER | F8: 66040 | G8: 272.5 | H8: 18090900 | O8: 66040 | P8: 272.5 | Q8: 18090900 | S8: Date Powder | T8: 10KG AL BARAKAH DATE POWDER | U8: =VLOOKUP(T8,B:L,2,0) -> 0 | V8: =VLOOKUP(T8,B:L,5,0) -> 66040 | W8: =VLOOKUP(T8,B:L,8,0) -> 0 | X8: =VLOOKUP(T8,B:L,11,0) -> 0 | Y8: =SUBTOTAL(9,U8:X8) -> 66040 | Z8: =AA8/Y8 -> 273.93852 | AA8: =VLOOKUP(T8,B:Q,16,0) -> 18090900
B9: 10KG AL BARAKAH DATE POWDER V1 | F9: 500 | G9: 270 | H9: 135000 | O9: 500 | P9: 270 | Q9: 135000 | T9: 10KG AL BARAKAH DATE POWDER V1 | U9: =VLOOKUP(T9,B:L,2,0) -> 0 | V9: =VLOOKUP(T9,B:L,5,0) -> 500 | W9: =VLOOKUP(T9,B:L,8,0) -> 0 | X9: =VLOOKUP(T9,B:L,11,0) -> 0 | Y9: =SUBTOTAL(9,U9:X9) -> 500 | Z9: =AA9/Y9 -> 270 | AA9: =VLOOKUP(T9,B:Q,16,0) -> 135000
B10: 10KG AL BARAKAH DATE POWDER V2 | F10: 11670 | G10: 215 | H10: 2509050 | O10: 11670 | P10: 215 | Q10: 2509050 | T10: 10KG AL BARAKAH DATE POWDER V2 | U10: =VLOOKUP(T10,B:L,2,0) -> 0 | V10: =VLOOKUP(T10,B:L,5,0) -> 11670 | W10: =VLOOKUP(T10,B:L,8,0) -> 0 | X10: =VLOOKUP(T10,B:L,11,0) -> 0 | Y10: =SUBTOTAL(9,U10:X10) -> 11670 | Z10: =AA10/Y10 -> 215 | AA10: =VLOOKUP(T10,B:Q,16,0) -> 2509050
B11: AL BARAKAH DATE POWDER | F11: 27700 | G11: 270 | H11: 7479000 | O11: 27700 | P11: 270 | Q11: 7479000 | T11: AL BARAKAH DATE POWDER | U11: =VLOOKUP(T11,B:L,2,0) -> 0 | V11: =VLOOKUP(T11,B:L,5,0) -> 27700 | W11: =VLOOKUP(T11,B:L,8,0) -> 0 | X11: =VLOOKUP(T11,B:L,11,0) -> 0 | Y11: =SUBTOTAL(9,U11:X11) -> 27700 | Z11: =AA11/Y11 -> 270 | AA11: =VLOOKUP(T11,B:Q,16,0) -> 7479000
B12: AL BARAKAH DEHYDRATED DATE POWDER - BULK PACK 10KG | L12: 80 | M12: 270 | N12: 21600 | O12: 80 | P12: 270 | Q12: 21600 | T12: AL BARAKAH DEHYDRATED DATE POWDER - BULK PACK 10KG | U12: =VLOOKUP(T12,B:L,2,0) -> 0 | V12: =VLOOKUP(T12,B:L,5,0) -> 0 | W12: =VLOOKUP(T12,B:L,8,0) -> 0 | X12: =VLOOKUP(T12,B:L,11,0) -> 80 | Y12: =SUBTOTAL(9,U12:X12) -> 80 | Z12: =AA12/Y12 -> 270 | AA12: =VLOOKUP(T12,B:Q,16,0) -> 21600
A13: Date Powder Total | F13: 105910 | G13: 251.07143 | H13: 28213950 | L13: 80 | M13: 270 | N13: 21600 | O13: 105990 | P13: 252.33333 | Q13: 28235550 | S13: Date Powder Total | U13: =SUM(U8:U12) -> 0 | V13: =SUM(V8:V12) -> 105910 | W13: =SUM(W8:W12) -> 0 | X13: =SUM(X12) -> 80 | Y13: =SUBTOTAL(9,U13:X13) -> 105990 | Z13: =AA13/Y13 -> 266.39825 | AA13: =SUM(AA8:AA12) -> 28235550
A14: Date Syrup | B14: AL BARAKAH DATE SYRUP(1.15KG X 12) | L14: 2472 | M14: 190 | N14: 469680 | O14: 2472 | P14: 190 | Q14: 469680 | S14: Date Syrup | T14: AL BARAKAH DATE SYRUP(1.15KG X 12) | U14: =VLOOKUP(T14,B:L,2,0) -> 0 | V14: =VLOOKUP(T14,B:L,5,0) -> 0 | W14: =VLOOKUP(T14,B:L,8,0) -> 0 | X14: =VLOOKUP(T14,B:L,11,0) -> 2472 | Y14: =SUBTOTAL(9,U14:X14) -> 2472 | Z14: =AA14/Y14 -> 190 | AA14: =VLOOKUP(T14,B:Q,16,0) -> 469680
B15: AL BARAKAH DATES SYRUP 25 kg Pack | C15: 200 | D15: 105.8 | E15: 21160 | F15: 45575 | G15: 108.46667 | H15: 4975335 | O15: 45775 | P15: 107.8 | Q15: 4996495 | T15: AL BARAKAH DATES SYRUP 25 kg Pack | U15: =VLOOKUP(T15,B:L,2,0) -> 200 | V15: =VLOOKUP(T15,B:L,5,0) -> 45575 | W15: =VLOOKUP(T15,B:L,8,0) -> 0 | X15: =VLOOKUP(T15,B:L,11,0) -> 0 | Y15: =SUBTOTAL(9,U15:X15) -> 45775 | Z15: =AA15/Y15 -> 109.15336 | AA15: =VLOOKUP(T15,B:Q,16,0) -> 4996495
B16: AL BARAKHA DATE SYRUP ( 400G packing) | F16: 5006.4 | G16: 344.86667 | H16: 1737276.5 | O16: 5006.4 | P16: 344.86667 | Q16: 1737276.5 | T16: AL BARAKHA DATE SYRUP ( 400G packing) | U16: =VLOOKUP(T16,B:L,2,0) -> 0 | V16: =VLOOKUP(T16,B:L,5,0) -> 5006.4 | W16: =VLOOKUP(T16,B:L,8,0) -> 0 | X16: =VLOOKUP(T16,B:L,11,0) -> 0 | Y16: =SUBTOTAL(9,U16:X16) -> 5006.4 | Z16: =AA16/Y16 -> 347.01112 | AA16: =VLOOKUP(T16,B:Q,16,0) -> 1737276.5
A17: Date Syrup Total | C17: 200 | D17: 105.8 | E17: 21160 | F17: 50581.4 | G17: 226.66667 | H17: 6712611.5 | L17: 2472 | M17: 190 | N17: 469680 | O17: 53253.4 | P17: 206.975 | Q17: 7203451.5 | S17: Date Syrup Total | U17: =SUM(U14:U16) -> 200 | V17: =SUM(V14:V16) -> 50581.4 | W17: =SUM(W14:W16) -> 0 | X17: =SUM(X14:X16) -> 2472 | Y17: =SUM(Y14:Y16) -> 53253.4 | Z17: =AA17/Y17 -> 135.26745 | AA17: =SUM(AA14:AA16) -> 7203451.5
A18: Dry Dates | B18: Al Barakah Chopped Dates Dried 10KG | F18: 980 | G18: 110 | H18: 107800 | O18: 980 | P18: 110 | Q18: 107800 | S18: Dry Dates | T18: Al Barakah Chopped Dates Dried 10KG | U18: =VLOOKUP(T18,B:L,2,0) -> 0 | V18: =VLOOKUP(T18,B:L,5,0) -> 980 | W18: =VLOOKUP(T18,B:L,8,0) -> 0 | X18: =VLOOKUP(T18,B:L,11,0) -> 0 | Y18: =SUBTOTAL(9,U18:X18) -> 980 | Z18: =AA18/Y18 -> 110 | AA18: =VLOOKUP(T18,B:Q,16,0) -> 107800
B19: Al Barakah Crushed Dates 10KG | F19: 630 | G19: 121.8 | H19: 73770 | O19: 630 | P19: 121.8 | Q19: 73770 | T19: Al Barakah Crushed Dates 10KG | U19: =VLOOKUP(T19,B:L,2,0) -> 0 | V19: =VLOOKUP(T19,B:L,5,0) -> 630 | W19: =VLOOKUP(T19,B:L,8,0) -> 0 | X19: =VLOOKUP(T19,B:L,11,0) -> 0 | Y19: =SUBTOTAL(9,U19:X19) -> 630 | Z19: =AA19/Y19 -> 117.09524 | AA19: =VLOOKUP(T19,B:Q,16,0) -> 73770
B20: BUSOOR DRY DATES GRADE - 2 | C20: 370 | D20: 241 | E20: 89170 | F20: 546 | G20: 241 | H20: 131586 | L20: 3549 | M20: 241 | N20: 855309 | O20: 4465 | P20: 241 | Q20: 1076065 | T20: BUSOOR DRY DATES GRADE - 2 | U20: =VLOOKUP(T20,B:L,2,0) -> 370 | V20: =VLOOKUP(T20,B:L,5,0) -> 546 | W20: =VLOOKUP(T20,B:L,8,0) -> 0 | X20: =VLOOKUP(T20,B:L,11,0) -> 3549 | Y20: =SUBTOTAL(9,U20:X20) -> 4465 | Z20: =AA20/Y20 -> 241 | AA20: =VLOOKUP(T20,B:Q,16,0) -> 1076065
B21: Dry Dates 12kg | C21: 588 | D21: 250 | E21: 147000 | O21: 588 | P21: 250 | Q21: 147000 | T21: Dry Dates 12kg | U21: =VLOOKUP(T21,B:L,2,0) -> 588 | V21: =VLOOKUP(T21,B:L,5,0) -> 0 | W21: =VLOOKUP(T21,B:L,8,0) -> 0 | X21: =VLOOKUP(T21,B:L,11,0) -> 0 | Y21: =SUBTOTAL(9,U21:X21) -> 588 | Z21: =AA21/Y21 -> 250 | AA21: =VLOOKUP(T21,B:Q,16,0) -> 147000
B22: Red Kharek Cut | F22: 90 | G22: 250 | H22: 22500 | L22: 87 | M22: 250 | N22: 21750 | O22: 177 | P22: 250 | Q22: 44250 | T22: Red Kharek Cut | U22: =VLOOKUP(T22,B:L,2,0) -> 0 | V22: =VLOOKUP(T22,B:L,5,0) -> 90 | W22: =VLOOKUP(T22,B:L,8,0) -> 0 | X22: =VLOOKUP(T22,B:L,11,0) -> 87 | Y22: =SUBTOTAL(9,U22:X22) -> 177 | Z22: =AA22/Y22 -> 250 | AA22: =VLOOKUP(T22,B:Q,16,0) -> 44250
A23: Dry Dates Total | C23: 958 | D23: 245.5 | E23: 236170 | F23: 2246 | G23: 200.95556 | H23: 335656 | L23: 3636 | M23: 245.5 | N23: 877059 | O23: 6840 | P23: 214.66154 | Q23: 1448885 | S23: Dry Dates Total | U23: =SUM(U18:U22) -> 958 | V23: =SUM(V18:V22) -> 2246 | W23: =SUM(W18:W22) -> 0 | X23: =SUM(X18:X22) -> 3636 | Y23: =SUM(Y18:Y22) -> 6840 | Z23: =AA23/Y23 -> 211.82529 | AA23: =SUM(AA18:AA22) -> 1448885
A24: Economical Dates | B24: 10 KG AL BARAKAH EMIRATES BLACK WET DATES | F24: 20 | G24: 172 | H24: 3440 | O24: 20 | P24: 172 | Q24: 3440 | S24: Economical Dates | T24: 10 KG AL BARAKAH EMIRATES BLACK WET DATES | U24: =VLOOKUP(T24,B:L,2,0) -> 0 | V24: =VLOOKUP(T24,B:L,5,0) -> 20 | W24: =VLOOKUP(T24,B:L,8,0) -> 0 | X24: =VLOOKUP(T24,B:L,11,0) -> 0 | Y24: =SUBTOTAL(9,U24:X24) -> 20 | Z24: =AA24/Y24 -> 172 | AA24: =VLOOKUP(T24,B:Q,16,0) -> 3440
B25: 10 KG FARD DATES EZAD | F25: 10890 | G25: 180.6 | H25: 1966734 | O25: 10890 | P25: 180.6 | Q25: 1966734 | T25: 10 KG FARD DATES EZAD | U25: =VLOOKUP(T25,B:L,2,0) -> 0 | V25: =VLOOKUP(T25,B:L,5,0) -> 10890 | W25: =VLOOKUP(T25,B:L,8,0) -> 0 | X25: =VLOOKUP(T25,B:L,11,0) -> 0 | Y25: =SUBTOTAL(9,U25:X25) -> 10890 | Z25: =AA25/Y25 -> 180.6 | AA25: =VLOOKUP(T25,B:Q,16,0) -> 1966734
B26: AL BARAKAH BARHI DATES 10KG | C26: 31700 | D26: 90.5 | E26: 2868850 | O26: 31700 | P26: 90.5 | Q26: 2868850 | T26: AL BARAKAH BARHI DATES 10KG | U26: =VLOOKUP(T26,B:L,2,0) -> 31700 | V26: =VLOOKUP(T26,B:L,5,0) -> 0 | W26: =VLOOKUP(T26,B:L,8,0) -> 0 | X26: =VLOOKUP(T26,B:L,11,0) -> 0 | Y26: =SUBTOTAL(9,U26:X26) -> 31700 | Z26: =AA26/Y26 -> 90.5 | AA26: =VLOOKUP(T26,B:Q,16,0) -> 2868850
B27: AL BARAKAH BARHI DATES 10KG RTV | C27: 690 | D27: 90.5 | E27: 62445 | O27: 690 | P27: 90.5 | Q27: 62445 | T27: AL BARAKAH BARHI DATES 10KG RTV | U27: =VLOOKUP(T27,B:L,2,0) -> 690 | V27: =VLOOKUP(T27,B:L,5,0) -> 0 | W27: =VLOOKUP(T27,B:L,8,0) -> 0 | X27: =VLOOKUP(T27,B:L,11,0) -> 0 | Y27: =SUBTOTAL(9,U27:X27) -> 690 | Z27: =AA27/Y27 -> 90.5 | AA27: =VLOOKUP(T27,B:Q,16,0) -> 62445
B28: AL BARAKAH FARD WET DATES PREMIUM 10KG | C28: 102970 | D28: 233 | E28: 23992010 | F28: 10 | G28: 233 | H28: 2330 | O28: 102980 | P28: 233 | Q28: 23994340 | T28: AL BARAKAH FARD WET DATES PREMIUM 10KG | U28: =VLOOKUP(T28,B:L,2,0) -> 102970 | V28: =VLOOKUP(T28,B:L,5,0) -> 10 | W28: =VLOOKUP(T28,B:L,8,0) -> 0 | X28: =VLOOKUP(T28,B:L,11,0) -> 0 | Y28: =SUBTOTAL(9,U28:X28) -> 102980 | Z28: =AA28/Y28 -> 233 | AA28: =VLOOKUP(T28,B:Q,16,0) -> 23994340
B29: AL BARAKAH FARD WET DATES PREMIUM 10KG RTV | C29: 3000 | D29: 233 | E29: 699000 | O29: 3000 | P29: 233 | Q29: 699000 | T29: AL BARAKAH FARD WET DATES PREMIUM 10KG RTV | U29: =VLOOKUP(T29,B:L,2,0) -> 3000 | V29: =VLOOKUP(T29,B:L,5,0) -> 0 | W29: =VLOOKUP(T29,B:L,8,0) -> 0 | X29: =VLOOKUP(T29,B:L,11,0) -> 0 | Y29: =SUBTOTAL(9,U29:X29) -> 3000 | Z29: =AA29/Y29 -> 233 | AA29: =VLOOKUP(T29,B:Q,16,0) -> 699000
B30: AL BARAKAH FARD WET DATES STANDARD 10KG | C30: 62460 | D30: 208 | E30: 12991680 | F30: 150 | G30: 208 | H30: 31200 | O30: 62610 | P30: 208 | Q30: 13022880 | T30: AL BARAKAH FARD WET DATES STANDARD 10KG | U30: =VLOOKUP(T30,B:L,2,0) -> 62460 | V30: =VLOOKUP(T30,B:L,5,0) -> 150 | W30: =VLOOKUP(T30,B:L,8,0) -> 0 | X30: =VLOOKUP(T30,B:L,11,0) -> 0 | Y30: =SUBTOTAL(9,U30:X30) -> 62610 | Z30: =AA30/Y30 -> 208 | AA30: =VLOOKUP(T30,B:Q,16,0) -> 13022880
B31: AL BARAKAH KHALAS DATES AFCTN-10KG | F31: 110 | G31: 116 | H31: 12760 | O31: 110 | P31: 116 | Q31: 12760 | T31: AL BARAKAH KHALAS DATES AFCTN-10KG | U31: =VLOOKUP(T31,B:L,2,0) -> 0 | V31: =VLOOKUP(T31,B:L,5,0) -> 110 | W31: =VLOOKUP(T31,B:L,8,0) -> 0 | X31: =VLOOKUP(T31,B:L,11,0) -> 0 | Y31: =SUBTOTAL(9,U31:X31) -> 110 | Z31: =AA31/Y31 -> 116 | AA31: =VLOOKUP(T31,B:Q,16,0) -> 12760
B32: AL BARAKAH KHALAS DATES Premium 10kgs | C32: 188720 | D32: 116 | E32: 21891520 | L32: 57.7 | M32: 116 | N32: 6693.2 | O32: 188777.7 | P32: 116 | Q32: 21898213 | T32: AL BARAKAH KHALAS DATES Premium 10kgs | U32: =VLOOKUP(T32,B:L,2,0) -> 188720 | V32: =VLOOKUP(T32,B:L,5,0) -> 0 | W32: =VLOOKUP(T32,B:L,8,0) -> 0 | X32: =VLOOKUP(T32,B:L,11,0) -> 57.7 | Y32: =SUBTOTAL(9,U32:X32) -> 188777.7 | Z32: =AA32/Y32 -> 116 | AA32: =VLOOKUP(T32,B:Q,16,0) -> 21898213
B33: AL BARAKAH KHALAS DATES Premium 10kgs RTV | C33: 0 | D33: 116 | E33: 0 | O33: 0 | P33: 116 | Q33: 0 | T33: AL BARAKAH KHALAS DATES Premium 10kgs RTV | U33: =VLOOKUP(T33,B:L,2,0) -> 0 | V33: =VLOOKUP(T33,B:L,5,0) -> 0 | W33: =VLOOKUP(T33,B:L,8,0) -> 0 | X33: =VLOOKUP(T33,B:L,11,0) -> 0 | Y33: =SUBTOTAL(9,U33:X33) -> 0 | Z33: =AA33/Y33 -> #DIV/0! | AA33: =VLOOKUP(T33,B:Q,16,0) -> 0
B34: AL BARAKAH KHALAS DATES Seedless 10kgs | C34: 2855 | D34: 126 | E34: 359730 | O34: 2855 | P34: 126 | Q34: 359730 | T34: AL BARAKAH KHALAS DATES Seedless 10kgs | U34: =VLOOKUP(T34,B:L,2,0) -> 2855 | V34: =VLOOKUP(T34,B:L,5,0) -> 0 | W34: =VLOOKUP(T34,B:L,8,0) -> 0 | X34: =VLOOKUP(T34,B:L,11,0) -> 0 | Y34: =SUBTOTAL(9,U34:X34) -> 2855 | Z34: =AA34/Y34 -> 126 | AA34: =VLOOKUP(T34,B:Q,16,0) -> 359730
B35: AL BARAKAH KHANEIZI DATES 10 KG | F35: 10 | G35: 205 | H35: 2050 | O35: 10 | P35: 205 | Q35: 2050 | T35: AL BARAKAH KHANEIZI DATES 10 KG | U35: =VLOOKUP(T35,B:L,2,0) -> 0 | V35: =VLOOKUP(T35,B:L,5,0) -> 10 | W35: =VLOOKUP(T35,B:L,8,0) -> 0 | X35: =VLOOKUP(T35,B:L,11,0) -> 0 | Y35: =SUBTOTAL(9,U35:X35) -> 10 | Z35: =AA35/Y35 -> 205 | AA35: =VLOOKUP(T35,B:Q,16,0) -> 2050
B36: AL BARAKAH LULU WET DATES (BLACK) 10KG | F36: 170 | G36: 182 | H36: 30940 | O36: 170 | P36: 182 | Q36: 30940 | T36: AL BARAKAH LULU WET DATES (BLACK) 10KG | U36: =VLOOKUP(T36,B:L,2,0) -> 0 | V36: =VLOOKUP(T36,B:L,5,0) -> 170 | W36: =VLOOKUP(T36,B:L,8,0) -> 0 | X36: =VLOOKUP(T36,B:L,11,0) -> 0 | Y36: =SUBTOTAL(9,U36:X36) -> 170 | Z36: =AA36/Y36 -> 182 | AA36: =VLOOKUP(T36,B:Q,16,0) -> 30940
B37: AL BARAKAH LULU WET DATES (RED) 10KG | F37: 2410 | G37: 157 | H37: 378370 | O37: 2410 | P37: 157 | Q37: 378370 | T37: AL BARAKAH LULU WET DATES (RED) 10KG | U37: =VLOOKUP(T37,B:L,2,0) -> 0 | V37: =VLOOKUP(T37,B:L,5,0) -> 2410 | W37: =VLOOKUP(T37,B:L,8,0) -> 0 | X37: =VLOOKUP(T37,B:L,11,0) -> 0 | Y37: =SUBTOTAL(9,U37:X37) -> 2410 | Z37: =AA37/Y37 -> 157 | AA37: =VLOOKUP(T37,B:Q,16,0) -> 378370
B38: AL BARAKAH REZIZ DATES Premium 10kgs | C38: 8950 | D38: 87.7 | E38: 784915 | O38: 8950 | P38: 87.7 | Q38: 784915 | T38: AL BARAKAH REZIZ DATES Premium 10kgs | U38: =VLOOKUP(T38,B:L,2,0) -> 8950 | V38: =VLOOKUP(T38,B:L,5,0) -> 0 | W38: =VLOOKUP(T38,B:L,8,0) -> 0 | X38: =VLOOKUP(T38,B:L,11,0) -> 0 | Y38: =SUBTOTAL(9,U38:X38) -> 8950 | Z38: =AA38/Y38 -> 87.7 | AA38: =VLOOKUP(T38,B:Q,16,0) -> 784915
B39: AL BARAKAH SUFRI DATES Premium 10kgs | C39: 3400 | D39: 114 | E39: 387600 | O39: 3400 | P39: 114 | Q39: 387600 | T39: AL BARAKAH SUFRI DATES Premium 10kgs | U39: =VLOOKUP(T39,B:L,2,0) -> 3400 | V39: =VLOOKUP(T39,B:L,5,0) -> 0 | W39: =VLOOKUP(T39,B:L,8,0) -> 0 | X39: =VLOOKUP(T39,B:L,11,0) -> 0 | Y39: =SUBTOTAL(9,U39:X39) -> 3400 | Z39: =AA39/Y39 -> 114 | AA39: =VLOOKUP(T39,B:Q,16,0) -> 387600
B40: Buman Dates | F40: 30 | G40: 98.6 | H40: 2958 | O40: 30 | P40: 98.6 | Q40: 2958 | T40: Buman Dates | U40: =VLOOKUP(T40,B:L,2,0) -> 0 | V40: =VLOOKUP(T40,B:L,5,0) -> 30 | W40: =VLOOKUP(T40,B:L,8,0) -> 0 | X40: =VLOOKUP(T40,B:L,11,0) -> 0 | Y40: =SUBTOTAL(9,U40:X40) -> 30 | Z40: =AA40/Y40 -> 98.6 | AA40: =VLOOKUP(T40,B:Q,16,0) -> 2958
B41: Delmonte Royal Arabian dates 500g RTV | C41: 20064 | D41: 116 | E41: 2327424 | O41: 20064 | P41: 116 | Q41: 2327424 | T41: Delmonte Royal Arabian dates 500g RTV | U41: =VLOOKUP(T41,B:L,2,0) -> 20064 | V41: =VLOOKUP(T41,B:L,5,0) -> 0 | W41: =VLOOKUP(T41,B:L,8,0) -> 0 | X41: =VLOOKUP(T41,B:L,11,0) -> 0 | Y41: =SUBTOTAL(9,U41:X41) -> 20064 | Z41: =AA41/Y41 -> 116 | AA41: =VLOOKUP(T41,B:Q,16,0) -> 2327424
B42: Deri Dates | F42: 5345 | G42: 303 | H42: 1619535 | O42: 5345 | P42: 303 | Q42: 1619535 | T42: Deri Dates | U42: =VLOOKUP(T42,B:L,2,0) -> 0 | V42: =VLOOKUP(T42,B:L,5,0) -> 5345 | W42: =VLOOKUP(T42,B:L,8,0) -> 0 | X42: =VLOOKUP(T42,B:L,11,0) -> 0 | Y42: =SUBTOTAL(9,U42:X42) -> 5345 | Z42: =AA42/Y42 -> 303 | AA42: =VLOOKUP(T42,B:Q,16,0) -> 1619535
B43: Fard Dates - Leechants | F43: 310 | G43: 208 | H43: 64480 | O43: 310 | P43: 208 | Q43: 64480 | T43: Fard Dates - Leechants | U43: =VLOOKUP(T43,B:L,2,0) -> 0 | V43: =VLOOKUP(T43,B:L,5,0) -> 310 | W43: =VLOOKUP(T43,B:L,8,0) -> 0 | X43: =VLOOKUP(T43,B:L,11,0) -> 0 | Y43: =SUBTOTAL(9,U43:X43) -> 310 | Z43: =AA43/Y43 -> 208 | AA43: =VLOOKUP(T43,B:Q,16,0) -> 64480
B44: FARD WET DATES STANDARD 10KG Indian Overseas | C44: 26310 | D44: 195 | E44: 5130450 | O44: 26310 | P44: 195 | Q44: 5130450 | T44: FARD WET DATES STANDARD 10KG Indian Overseas | U44: =VLOOKUP(T44,B:L,2,0) -> 26310 | V44: =VLOOKUP(T44,B:L,5,0) -> 0 | W44: =VLOOKUP(T44,B:L,8,0) -> 0 | X44: =VLOOKUP(T44,B:L,11,0) -> 0 | Y44: =SUBTOTAL(9,U44:X44) -> 26310 | Z44: =AA44/Y44 -> 195 | AA44: =VLOOKUP(T44,B:Q,16,0) -> 5130450
B45: Fresho Kimia Dates 500 Gm | L45: 29.5 | M45: 142 | N45: 4189 | O45: 29.5 | P45: 142 | Q45: 4189 | T45: Fresho Kimia Dates 500 Gm | U45: =VLOOKUP(T45,B:L,2,0) -> 0 | V45: =VLOOKUP(T45,B:L,5,0) -> 0 | W45: =VLOOKUP(T45,B:L,8,0) -> 0 | X45: =VLOOKUP(T45,B:L,11,0) -> 29.5 | Y45: =SUBTOTAL(9,U45:X45) -> 29.5 | Z45: =AA45/Y45 -> 142 | AA45: =VLOOKUP(T45,B:Q,16,0) -> 4189
B46: Mazafati Dates | C46: 19740 | D46: 219 | E46: 4051950 | O46: 19740 | P46: 219 | Q46: 4051950 | T46: Mazafati Dates | U46: =VLOOKUP(T46,B:L,2,0) -> 19740 | V46: =VLOOKUP(T46,B:L,5,0) -> 0 | W46: =VLOOKUP(T46,B:L,8,0) -> 0 | X46: =VLOOKUP(T46,B:L,11,0) -> 0 | Y46: =SUBTOTAL(9,U46:X46) -> 19740 | Z46: =AA46/Y46 -> 205.26596 | AA46: =VLOOKUP(T46,B:Q,16,0) -> 4051950
B47: Oriental Dates | L47: 100 | M47: 303 | N47: 30300 | O47: 100 | P47: 303 | Q47: 30300 | T47: Oriental Dates | U47: =VLOOKUP(T47,B:L,2,0) -> 0 | V47: =VLOOKUP(T47,B:L,5,0) -> 0 | W47: =VLOOKUP(T47,B:L,8,0) -> 0 | X47: =VLOOKUP(T47,B:L,11,0) -> 100 | Y47: =SUBTOTAL(9,U47:X47) -> 100 | Z47: =AA47/Y47 -> 303 | AA47: =VLOOKUP(T47,B:Q,16,0) -> 30300
B48: Rabia Dates 5kg | F48: 495 | G48: 187.5 | H48: 92812.5 | O48: 495 | P48: 187.5 | Q48: 92812.5 | T48: Rabia Dates 5kg | U48: =VLOOKUP(T48,B:L,2,0) -> 0 | V48: =VLOOKUP(T48,B:L,5,0) -> 495 | W48: =VLOOKUP(T48,B:L,8,0) -> 0 | X48: =VLOOKUP(T48,B:L,11,0) -> 0 | Y48: =SUBTOTAL(9,U48:X48) -> 495 | Z48: =AA48/Y48 -> 187.5 | AA48: =VLOOKUP(T48,B:Q,16,0) -> 92812.5
B49: Royal Delight Arabian 8kg (250gx36) | F49: 80 | G49: 116 | H49: 9280 | O49: 80 | P49: 116 | Q49: 9280 | T49: Royal Delight Arabian 8kg (250gx36) | U49: =VLOOKUP(T49,B:L,2,0) -> 0 | V49: =VLOOKUP(T49,B:L,5,0) -> 80 | W49: =VLOOKUP(T49,B:L,8,0) -> 0 | X49: =VLOOKUP(T49,B:L,11,0) -> 0 | Y49: =SUBTOTAL(9,U49:X49) -> 80 | Z49: =AA49/Y49 -> 116 | AA49: =VLOOKUP(T49,B:Q,16,0) -> 9280
B50: Royal Delight Fard-5kg | F50: 115 | G50: 233 | H50: 26795 | O50: 115 | P50: 233 | Q50: 26795 | T50: Royal Delight Fard-5kg | U50: =VLOOKUP(T50,B:L,2,0) -> 0 | V50: =VLOOKUP(T50,B:L,5,0) -> 115 | W50: =VLOOKUP(T50,B:L,8,0) -> 0 | X50: =VLOOKUP(T50,B:L,11,0) -> 0 | Y50: =SUBTOTAL(9,U50:X50) -> 115 | Z50: 0 | AA50: =VLOOKUP(T50,B:Q,16,0) -> 26795
B51: Sayer Dates | I51: 26000 | J51: 99 | K51: 2574000 | O51: 26000 | P51: 99 | Q51: 2574000 | T51: Sayer Dates | U51: =VLOOKUP(T51,B:L,2,0) -> 0 | V51: =VLOOKUP(T51,B:L,5,0) -> 0 | W51: =VLOOKUP(T51,B:L,8,0) -> 26000 | X51: =VLOOKUP(T51,B:L,11,0) -> 0 | Y51: =SUBTOTAL(9,U51:X51) -> 26000 | AA51: =VLOOKUP(T51,B:Q,16,0) -> 2574000
B52: Sayer Dates Seeded 10KG | L52: 10 | M52: 100 | N52: 1000 | O52: 10 | P52: 100 | Q52: 1000 | T52: Sayer Dates Seeded 10KG | U52: =VLOOKUP(T52,B:L,2,0) -> 0 | V52: =VLOOKUP(T52,B:L,5,0) -> 0 | W52: =VLOOKUP(T52,B:L,8,0) -> 0 | X52: =VLOOKUP(T52,B:L,11,0) -> 10 | Y52: =SUBTOTAL(9,U52:X52) -> 10 | Z52: =AA52/Y52 -> 100 | AA52: =VLOOKUP(T52,B:Q,16,0) -> 1000
B53: Sufri Dates | C53: 4400 | D53: 115 | E53: 506000 | O53: 4400 | P53: 115 | Q53: 506000 | T53: Sufri Dates | U53: =VLOOKUP(T53,B:L,2,0) -> 4400 | V53: =VLOOKUP(T53,B:L,5,0) -> 0 | W53: =VLOOKUP(T53,B:L,8,0) -> 0 | X53: =VLOOKUP(T53,B:L,11,0) -> 0 | Y53: =SUBTOTAL(9,U53:X53) -> 4400 | Z53: =AA53/Y53 -> 115 | AA53: =VLOOKUP(T53,B:Q,16,0) -> 506000
B54: Sukkary Premium | F54: 1402 | G54: 350 | H54: 490700 | O54: 1402 | P54: 350 | Q54: 490700 | T54: Sukkary Premium | U54: =VLOOKUP(T54,B:L,2,0) -> 0 | V54: =VLOOKUP(T54,B:L,5,0) -> 1402 | W54: =VLOOKUP(T54,B:L,8,0) -> 0 | X54: =VLOOKUP(T54,B:L,11,0) -> 0 | Y54: =SUBTOTAL(9,U54:X54) -> 1402 | Z54: =AA54/Y54 -> 350 | AA54: =VLOOKUP(T54,B:Q,16,0) -> 490700
A55: Economical Dates Total | C55: 475259 | D55: 153.48358 | E55: 76053574 | F55: 21547 | G55: 226.78276 | H55: 4734384.5 | I55: 26000 | J55: 99 | K55: 2574000 | L55: 197.2 | M55: 165.25 | N55: 42182.2 | O55: 523003.2 | P55: 173.71667 | Q55: 83404141 | S55: Economical Dates Total | U55: =SUM(U24:U54) -> 475259 | V55: =SUM(V24:V54) -> 21547 | W55: =SUM(W24:W54) -> 26000 | X55: =SUM(X24:X54) -> 197.2 | Y55: =SUM(Y24:Y54) -> 523003.2 | Z55: =AA55/Y55 -> 159.47157 | AA55: =SUM(AA24:AA54) -> 83404141
A56: Organic Dates | B56: Organic Ajwa Pr.Jumbo | F56: 5 | G56: 789 | H56: 3945 | O56: 5 | P56: 789 | Q56: 3945 | S56: Organic Dates | T56: Organic Ajwa Pr.Jumbo | U56: =VLOOKUP(T56,B:L,2,0) -> 0 | V56: =VLOOKUP(T56,B:L,5,0) -> 5 | W56: =VLOOKUP(T56,B:L,8,0) -> 0 | X56: =VLOOKUP(T56,B:L,11,0) -> 0 | Y56: =SUBTOTAL(9,U56:X56) -> 5 | Z56: =AA56/Y56 -> 789 | AA56: =VLOOKUP(T56,B:Q,16,0) -> 3945
B57: Organic Khidri Large dates 1kg Pouch | F57: 24 | G57: 462 | H57: 11088 | O57: 24 | P57: 462 | Q57: 11088 | T57: Organic Khidri Large dates 1kg Pouch | U57: =VLOOKUP(T57,B:L,2,0) -> 0 | V57: =VLOOKUP(T57,B:L,5,0) -> 24 | W57: =VLOOKUP(T57,B:L,8,0) -> 0 | X57: =VLOOKUP(T57,B:L,11,0) -> 0 | Y57: =SUBTOTAL(9,U57:X57) -> 24 | Z57: =AA57/Y57 -> 462 | AA57: =VLOOKUP(T57,B:Q,16,0) -> 11088
B58: Organic Khidri Pr.Large | F58: 562.5 | G58: 462 | H58: 259875 | O58: 562.5 | P58: 462 | Q58: 259875 | T58: Organic Khidri Pr.Large | U58: =VLOOKUP(T58,B:L,2,0) -> 0 | V58: =VLOOKUP(T58,B:L,5,0) -> 562.5 | W58: =VLOOKUP(T58,B:L,8,0) -> 0 | X58: =VLOOKUP(T58,B:L,11,0) -> 0 | Y58: =SUBTOTAL(9,U58:X58) -> 562.5 | Z58: =AA58/Y58 -> 462 | AA58: =VLOOKUP(T58,B:Q,16,0) -> 259875
B59: Organic Khidri Pr.Medium | F59: 1125 | G59: 403 | H59: 453375 | O59: 1125 | P59: 403 | Q59: 453375 | T59: Organic Khidri Pr.Medium | U59: =VLOOKUP(T59,B:L,2,0) -> 0 | V59: =VLOOKUP(T59,B:L,5,0) -> 1125 | W59: =VLOOKUP(T59,B:L,8,0) -> 0 | X59: =VLOOKUP(T59,B:L,11,0) -> 0 | Y59: =SUBTOTAL(9,U59:X59) -> 1125 | Z59: =AA59/Y59 -> 403 | AA59: =VLOOKUP(T59,B:Q,16,0) -> 453375
B60: Organic Khidri Sp.Jumbo | F60: 412.5 | G60: 821 | H60: 338662.5 | O60: 412.5 | P60: 821 | Q60: 338662.5 | T60: Organic Khidri Sp.Jumbo | U60: =VLOOKUP(T60,B:L,2,0) -> 0 | V60: =VLOOKUP(T60,B:L,5,0) -> 412.5 | W60: =VLOOKUP(T60,B:L,8,0) -> 0 | X60: =VLOOKUP(T60,B:L,11,0) -> 0 | Y60: =SUBTOTAL(9,U60:X60) -> 412.5 | Z60: =AA60/Y60 -> 821 | AA60: =VLOOKUP(T60,B:Q,16,0) -> 338662.5
B61: Organic Medjoul Pr.Large | F61: 80 | G61: 730 | H61: 58400 | O61: 80 | P61: 730 | Q61: 58400 | T61: Organic Medjoul Pr.Large | U61: =VLOOKUP(T61,B:L,2,0) -> 0 | V61: =VLOOKUP(T61,B:L,5,0) -> 80 | W61: =VLOOKUP(T61,B:L,8,0) -> 0 | X61: =VLOOKUP(T61,B:L,11,0) -> 0 | Y61: =SUBTOTAL(9,U61:X61) -> 80 | Z61: =AA61/Y61 -> 730 | AA61: =VLOOKUP(T61,B:Q,16,0) -> 58400
B62: Organic Seqee Pr.Large | F62: 187.5 | G62: 641 | H62: 120187.5 | O62: 187.5 | P62: 641 | Q62: 120187.5 | T62: Organic Seqee Pr.Large | U62: =VLOOKUP(T62,B:L,2,0) -> 0 | V62: =VLOOKUP(T62,B:L,5,0) -> 187.5 | W62: =VLOOKUP(T62,B:L,8,0) -> 0 | X62: =VLOOKUP(T62,B:L,11,0) -> 0 | Y62: =SUBTOTAL(9,U62:X62) -> 187.5 | Z62: =AA62/Y62 -> 641 | AA62: =VLOOKUP(T62,B:Q,16,0) -> 120187.5
B63: Organic Seqee Pr.Large 1kg pouch | F63: 12 | G63: 641 | H63: 7692 | O63: 12 | P63: 641 | Q63: 7692 | T63: Organic Seqee Pr.Large 1kg pouch | U63: =VLOOKUP(T63,B:L,2,0) -> 0 | V63: =VLOOKUP(T63,B:L,5,0) -> 12 | W63: =VLOOKUP(T63,B:L,8,0) -> 0 | X63: =VLOOKUP(T63,B:L,11,0) -> 0 | Y63: =SUBTOTAL(9,U63:X63) -> 12 | Z63: =AA63/Y63 -> 641 | AA63: =VLOOKUP(T63,B:Q,16,0) -> 7692
B64: Organic Wanan Pr.Jumbo | F64: 550 | G64: 938 | H64: 515900 | O64: 550 | P64: 938 | Q64: 515900 | T64: Organic Wanan Pr.Jumbo | U64: =VLOOKUP(T64,B:L,2,0) -> 0 | V64: =VLOOKUP(T64,B:L,5,0) -> 550 | W64: =VLOOKUP(T64,B:L,8,0) -> 0 | X64: =VLOOKUP(T64,B:L,11,0) -> 0 | Y64: =SUBTOTAL(9,U64:X64) -> 550 | Z64: =AA64/Y64 -> 938 | AA64: =VLOOKUP(T64,B:Q,16,0) -> 515900
B65: Organic Wanan Pr.Large | F65: 400 | G65: 715 | H65: 286000 | O65: 400 | P65: 715 | Q65: 286000 | T65: Organic Wanan Pr.Large | U65: =VLOOKUP(T65,B:L,2,0) -> 0 | V65: =VLOOKUP(T65,B:L,5,0) -> 400 | W65: =VLOOKUP(T65,B:L,8,0) -> 0 | X65: =VLOOKUP(T65,B:L,11,0) -> 0 | Y65: =SUBTOTAL(9,U65:X65) -> 400 | Z65: =AA65/Y65 -> 715 | AA65: =VLOOKUP(T65,B:Q,16,0) -> 286000
B66: Organic Wanan Pr.Large 1 kg pouch | F66: 12 | G66: 715 | H66: 8580 | O66: 12 | P66: 715 | Q66: 8580 | T66: Organic Wanan Pr.Large 1 kg pouch | U66: =VLOOKUP(T66,B:L,2,0) -> 0 | V66: =VLOOKUP(T66,B:L,5,0) -> 12 | W66: =VLOOKUP(T66,B:L,8,0) -> 0 | X66: =VLOOKUP(T66,B:L,11,0) -> 0 | Y66: =SUBTOTAL(9,U66:X66) -> 12 | Z66: =AA66/Y66 -> 715 | AA66: =VLOOKUP(T66,B:Q,16,0) -> 8580
A67: Organic Dates Total | F67: 3370.5 | G67: 613.44 | H67: 2063705 | O67: 3370.5 | P67: 613.44 | Q67: 2063705 | S67: Organic Dates Total | U67: =SUM(U56:U66) -> 0 | V67: =SUM(V56:V66) -> 3370.5 | W67: =SUM(W56:W66) -> 0 | X67: =SUM(X66) -> 0 | Y67: =SUBTOTAL(9,U67:X67) -> 3370.5 | Z67: =AA67/Y67 -> 612.28453 | AA67: =SUM(AA56:AA66) -> 2063705
A68: Premium Dates | B68: Ajwa Regular | F68: 675 | G68: 970 | H68: 660900 | O68: 675 | P68: 970 | Q68: 660900 | S68: Premium Dates | T68: Ajwa Regular | U68: =VLOOKUP(T68,B:L,2,0) -> 0 | V68: =VLOOKUP(T68,B:L,5,0) -> 675 | W68: =VLOOKUP(T68,B:L,8,0) -> 0 | X68: =VLOOKUP(T68,B:L,11,0) -> 0 | Y68: =SUBTOTAL(9,U68:X68) -> 675 | Z68: =AA68/Y68 -> 979.11111 | AA68: =VLOOKUP(T68,B:Q,16,0) -> 660900
B69: AL Barakah Maryam Dates 5 KG | C69: 0 | D69: 445 | E69: 0 | O69: 0 | P69: 445 | Q69: 0 | T69: AL BARAKAH MARYAM DATES 5KGS | U69: =VLOOKUP(T69,B:L,2,0) -> 10 | V69: =VLOOKUP(T69,B:L,5,0) -> 0 | W69: =VLOOKUP(T69,B:L,8,0) -> 0 | X69: =VLOOKUP(T69,B:L,11,0) -> 0 | Y69: =SUBTOTAL(9,U69:X69) -> 10 | Z69: =AA69/Y69 -> 445 | AA69: =VLOOKUP(T69,B:Q,16,0) -> 4450
B70: AL BARAKAH MARYAM DATES 5KGS | C70: 10 | D70: 445 | E70: 4450 | O70: 10 | P70: 445 | Q70: 4450 | T70: AL BARAKAH MEDJOUL DATES 500GM | U70: =VLOOKUP(T70,B:L,2,0) -> 0 | V70: =VLOOKUP(T70,B:L,5,0) -> 32 | W70: =VLOOKUP(T70,B:L,8,0) -> 0 | X70: =VLOOKUP(T70,B:L,11,0) -> 0 | Y70: =SUBTOTAL(9,U70:X70) -> 32 | Z70: =AA70/Y70 -> 401 | AA70: =VLOOKUP(T70,B:Q,16,0) -> 12832
B71: AL BARAKAH MEDJOUL DATES 500GM | F71: 32 | G71: 401 | H71: 12832 | O71: 32 | P71: 401 | Q71: 12832 | T71: Al Barakah Medjoul Dates Grade B | U71: =VLOOKUP(T71,B:L,2,0) -> 0 | V71: =VLOOKUP(T71,B:L,5,0) -> 7435 | W71: =VLOOKUP(T71,B:L,8,0) -> 0 | X71: =VLOOKUP(T71,B:L,11,0) -> 0 | Y71: =SUBTOTAL(9,U71:X71) -> 7435 | Z71: =AA71/Y71 -> 401 | AA71: =VLOOKUP(T71,B:Q,16,0) -> 2981435
B72: Al Barakah Medjoul Dates Grade B | F72: 7435 | G72: 401 | H72: 2981435 | O72: 7435 | P72: 401 | Q72: 2981435 | T72: Al Barakah Safavi Dates 10 KG (500gmx20) | U72: =VLOOKUP(T72,B:L,2,0) -> 0 | V72: =VLOOKUP(T72,B:L,5,0) -> 30 | W72: =VLOOKUP(T72,B:L,8,0) -> 0 | X72: =VLOOKUP(T72,B:L,11,0) -> 0 | Y72: =SUBTOTAL(9,U72:X72) -> 30 | Z72: =AA72/Y72 -> 700 | AA72: =VLOOKUP(T72,B:Q,16,0) -> 21000
B73: Al Barakah Safavi Dates 10 KG (500gmx20) | F73: 30 | G73: 700 | H73: 21000 | O73: 30 | P73: 700 | Q73: 21000 | T73: Azmah Dates 10kg | U73: =VLOOKUP(T73,B:L,2,0) -> 0 | V73: =VLOOKUP(T73,B:L,5,0) -> 190 | W73: =VLOOKUP(T73,B:L,8,0) -> 0 | X73: =VLOOKUP(T73,B:L,11,0) -> 0 | Y73: =SUBTOTAL(9,U73:X73) -> 190 | Z73: =AA73/Y73 -> 550 | AA73: =VLOOKUP(T73,B:Q,16,0) -> 104500
B74: Azmah Dates 10kg | F74: 190 | G74: 550 | H74: 104500 | O74: 190 | P74: 550 | Q74: 104500 | T74: Deglet Dates | U74: =VLOOKUP(T74,B:L,2,0) -> 0 | V74: =VLOOKUP(T74,B:L,5,0) -> 3675.896 | W74: =VLOOKUP(T74,B:L,8,0) -> 0 | X74: =VLOOKUP(T74,B:L,11,0) -> 0 | Y74: =SUBTOTAL(9,U74:X74) -> 3675.896 | Z74: =AA74/Y74 -> 519.19252 | AA74: =VLOOKUP(T74,B:Q,16,0) -> 1908497.7
B75: Deglet Dates | F75: 3675.896 | G75: 517.66667 | H75: 1908497.7 | O75: 3675.896 | P75: 517.66667 | Q75: 1908497.7 | T75: Deglet Nour Dates 5 KG | U75: =VLOOKUP(T75,B:L,2,0) -> 0 | V75: =VLOOKUP(T75,B:L,5,0) -> 75 | W75: =VLOOKUP(T75,B:L,8,0) -> 0 | X75: =VLOOKUP(T75,B:L,11,0) -> 0 | Y75: =SUBTOTAL(9,U75:X75) -> 75 | Z75: =AA75/Y75 -> 510 | AA75: =VLOOKUP(T75,B:Q,16,0) -> 38250
B76: Deglet Nour Dates 5 KG | F76: 75 | G76: 510 | H76: 38250 | O76: 75 | P76: 510 | Q76: 38250 | T76: Mabroom Regular | U76: =VLOOKUP(T76,B:L,2,0) -> 0 | V76: =VLOOKUP(T76,B:L,5,0) -> 335 | W76: =VLOOKUP(T76,B:L,8,0) -> 0 | X76: =VLOOKUP(T76,B:L,11,0) -> 0 | Y76: =SUBTOTAL(9,U76:X76) -> 335 | Z76: =AA76/Y76 -> 1000 | AA76: =VLOOKUP(T76,B:Q,16,0) -> 335000
B77: Mabroom Regular | F77: 335 | G77: 1000 | H77: 335000 | O77: 335 | P77: 1000 | Q77: 335000 | T77: MDJL Mini Dates 5 kg | U77: =VLOOKUP(T77,B:L,2,0) -> 0 | V77: =VLOOKUP(T77,B:L,5,0) -> 2215 | W77: =VLOOKUP(T77,B:L,8,0) -> 0 | X77: =VLOOKUP(T77,B:L,11,0) -> 0 | Y77: =SUBTOTAL(9,U77:X77) -> 2215 | Z77: =AA77/Y77 -> 477 | AA77: =VLOOKUP(T77,B:Q,16,0) -> 1056555
B78: MDJL Mini Dates 5 kg | F78: 2215 | G78: 477 | H78: 1056555 | O78: 2215 | P78: 477 | Q78: 1056555 | T78: MEDJOUL DATES JUMBO 5KG | U78: =VLOOKUP(T78,B:L,2,0) -> 0 | V78: =VLOOKUP(T78,B:L,5,0) -> 1875 | W78: =VLOOKUP(T78,B:L,8,0) -> 0 | X78: =VLOOKUP(T78,B:L,11,0) -> 0 | Y78: =SUBTOTAL(9,U78:X78) -> 1875 | Z78: =AA78/Y78 -> 1103.7918 | AA78: =VLOOKUP(T78,B:Q,16,0) -> 2069609.6
B79: MEDJOUL DATES JUMBO 5KG | F79: 1875 | G79: 1083.815 | H79: 2069609.6 | O79: 1875 | P79: 1083.815 | Q79: 2069609.6 | T79: MEDJOUL DATES JUMBO 8 kg | U79: =VLOOKUP(T79,B:L,2,0) -> 0 | V79: =VLOOKUP(T79,B:L,5,0) -> 56 | W79: =VLOOKUP(T79,B:L,8,0) -> 0 | X79: =VLOOKUP(T79,B:L,11,0) -> 0 | Y79: =SUBTOTAL(9,U79:X79) -> 56 | Z79: =AA79/Y79 -> 1045 | AA79: =VLOOKUP(T79,B:Q,16,0) -> 58520
B80: MEDJOUL DATES JUMBO 8 kg | F80: 56 | G80: 1045 | H80: 58520 | O80: 56 | P80: 1045 | Q80: 58520 | T80: MEDJOUL DATES SUPER JUMBO 5KG | U80: =VLOOKUP(T80,B:L,2,0) -> 0 | V80: =VLOOKUP(T80,B:L,5,0) -> 890 | W80: =VLOOKUP(T80,B:L,8,0) -> 0 | X80: =VLOOKUP(T80,B:L,11,0) -> 0 | Y80: =SUBTOTAL(9,U80:X80) -> 890 | Z80: =AA80/Y80 -> 1260.5775 | AA80: =VLOOKUP(T80,B:Q,16,0) -> 1121914
B81: MEDJOUL DATES SUPER JUMBO 5KG | F81: 890 | G81: 1189.8 | H81: 1121914 | O81: 890 | P81: 1189.8 | Q81: 1121914 | T81: Medjoul Dates Junior 5 kg | U81: =VLOOKUP(T81,B:L,2,0) -> 0 | V81: =VLOOKUP(T81,B:L,5,0) -> 2580 | W81: =VLOOKUP(T81,B:L,8,0) -> 10500 | X81: =VLOOKUP(T81,B:L,11,0) -> 0 | Y81: =SUBTOTAL(9,U81:X81) -> 13080 | Z81: =AA81/Y81 -> 613 | AA81: =VLOOKUP(T81,B:Q,16,0) -> 8018040
B82: Medjoul Dates Junior 5 kg | F82: 2580 | G82: 613 | H82: 1581540 | I82: 10500 | J82: 613 | K82: 6436500 | O82: 13080 | P82: 613 | Q82: 8018040 | T82: Medjoul Dates Large 5 kg | U82: =VLOOKUP(T82,B:L,2,0) -> 0 | V82: =VLOOKUP(T82,B:L,5,0) -> 5572 | W82: =VLOOKUP(T82,B:L,8,0) -> 0 | X82: =VLOOKUP(T82,B:L,11,0) -> 0 | Y82: =SUBTOTAL(9,U82:X82) -> 5572 | Z82: =AA82/Y82 -> 817 | AA82: =VLOOKUP(T82,B:Q,16,0) -> 4552324
B83: Medjoul Dates Large 5 kg | F83: 5572 | G83: 817 | H83: 4552324 | O83: 5572 | P83: 817 | Q83: 4552324 | T83: Medjoul Dates Medium 10 KG | U83: =VLOOKUP(T83,B:L,2,0) -> 0 | V83: =VLOOKUP(T83,B:L,5,0) -> 60 | W83: =VLOOKUP(T83,B:L,8,0) -> 0 | X83: =VLOOKUP(T83,B:L,11,0) -> 0 | Y83: =SUBTOTAL(9,U83:X83) -> 60 | Z83: =AA83/Y83 -> 712 | AA83: =VLOOKUP(T83,B:Q,16,0) -> 42720
B84: Medjoul Dates Medium 10 KG | F84: 60 | G84: 712 | H84: 42720 | O84: 60 | P84: 712 | Q84: 42720 | T84: Medjoul Dates Medium 5 kg | U84: =VLOOKUP(T84,B:L,2,0) -> 0 | V84: =VLOOKUP(T84,B:L,5,0) -> 2960 | W84: =VLOOKUP(T84,B:L,8,0) -> 0 | X84: =VLOOKUP(T84,B:L,11,0) -> 0 | Y84: =SUBTOTAL(9,U84:X84) -> 2960 | Z84: =AA84/Y84 -> 712 | AA84: =VLOOKUP(T84,B:Q,16,0) -> 2107520
B85: Medjoul Dates Medium 5 kg | F85: 2960 | G85: 712 | H85: 2107520 | O85: 2960 | P85: 712 | Q85: 2107520 | T85: Medjoul Large No.2 Sorted | U85: =VLOOKUP(T85,B:L,2,0) -> 0 | V85: =VLOOKUP(T85,B:L,5,0) -> 905 | W85: =VLOOKUP(T85,B:L,8,0) -> 0 | X85: =VLOOKUP(T85,B:L,11,0) -> 0 | Y85: =SUBTOTAL(9,U85:X85) -> 905 | Z85: =AA85/Y85 -> 411.34807 | AA85: =VLOOKUP(T85,B:Q,16,0) -> 372270
B86: Medjoul Large No.2 Sorted | F86: 905 | G86: 611.33333 | H86: 372270 | O86: 905 | P86: 611.33333 | Q86: 372270 | T86: Medjoul Tajir RTV | U86: =VLOOKUP(T86,B:L,2,0) -> 0 | V86: =VLOOKUP(T86,B:L,5,0) -> 595 | W86: =VLOOKUP(T86,B:L,8,0) -> 0 | X86: =VLOOKUP(T86,B:L,11,0) -> 0 | Y86: =SUBTOTAL(9,U86:X86) -> 595 | Z86: =AA86/Y86 -> 817 | AA86: =VLOOKUP(T86,B:Q,16,0) -> 486115
B87: Medjoul Tajir RTV | F87: 595 | G87: 817 | H87: 486115 | O87: 595 | P87: 817 | Q87: 486115 | T87: Royal Delight Ajwa 5kg | U87: =VLOOKUP(T87,B:L,2,0) -> 0 | V87: =VLOOKUP(T87,B:L,5,0) -> 365 | W87: =VLOOKUP(T87,B:L,8,0) -> 0 | X87: =VLOOKUP(T87,B:L,11,0) -> 0 | Y87: =SUBTOTAL(9,U87:X87) -> 365 | Z87: =AA87/Y87 -> 980 | AA87: =VLOOKUP(T87,B:Q,16,0) -> 357700
B88: Royal Delight Ajwa 5kg | F88: 365 | G88: 980 | H88: 357700 | O88: 365 | P88: 980 | Q88: 357700 | T88: Royal Delight Mabroom 5 Kg | U88: =VLOOKUP(T88,B:L,2,0) -> 0 | V88: =VLOOKUP(T88,B:L,5,0) -> 350 | W88: =VLOOKUP(T88,B:L,8,0) -> 0 | X88: =VLOOKUP(T88,B:L,11,0) -> 0 | Y88: =SUBTOTAL(9,U88:X88) -> 350 | Z88: =AA88/Y88 -> 1000 | AA88: =VLOOKUP(T88,B:Q,16,0) -> 350000
B89: Royal Delight Mabroom 5 Kg | F89: 350 | G89: 1000 | H89: 350000 | O89: 350 | P89: 1000 | Q89: 350000 | T89: Royal Delight Medjoul Dates 800gm | U89: =VLOOKUP(T89,B:L,2,0) -> 0 | V89: =VLOOKUP(T89,B:L,5,0) -> 250 | W89: =VLOOKUP(T89,B:L,8,0) -> 0 | X89: =VLOOKUP(T89,B:L,11,0) -> 0 | Y89: =SUBTOTAL(9,U89:X89) -> 250 | Z89: =AA89/Y89 -> 712 | AA89: =VLOOKUP(T89,B:Q,16,0) -> 178000
B90: Royal Delight Medjoul Dates 800gm | F90: 250 | G90: 712 | H90: 178000 | O90: 250 | P90: 712 | Q90: 178000 | T90: Royal Delight Safavi 5Kg (250gmx36) | U90: =VLOOKUP(T90,B:L,2,0) -> 0 | V90: =VLOOKUP(T90,B:L,5,0) -> 85 | W90: =VLOOKUP(T90,B:L,8,0) -> 0 | X90: =VLOOKUP(T90,B:L,11,0) -> 0 | Y90: =SUBTOTAL(9,U90:X90) -> 85 | Z90: =AA90/Y90 -> 550 | AA90: =VLOOKUP(T90,B:Q,16,0) -> 46750
B91: Royal Delight Safavi 5Kg (250gmx36) | F91: 85 | G91: 550 | H91: 46750 | O91: 85 | P91: 550 | Q91: 46750 | T91: Safavi Dates 20kg | U91: =VLOOKUP(T91,B:L,2,0) -> 520 | V91: =VLOOKUP(T91,B:L,5,0) -> 0 | W91: =VLOOKUP(T91,B:L,8,0) -> 0 | X91: =VLOOKUP(T91,B:L,11,0) -> 0 | Y91: =SUBTOTAL(9,U91:X91) -> 520 | Z91: =AA91/Y91 -> 550 | AA91: =VLOOKUP(T91,B:Q,16,0) -> 286000
B92: Safavi Dates 20kg | C92: 520 | D92: 550 | E92: 286000 | O92: 520 | P92: 550 | Q92: 286000 | T92: Safawi Dates 10kg | U92: =VLOOKUP(T92,B:L,2,0) -> 2320 | V92: =VLOOKUP(T92,B:L,5,0) -> 20 | W92: =VLOOKUP(T92,B:L,8,0) -> 0 | X92: =VLOOKUP(T92,B:L,11,0) -> 0 | Y92: =SUBTOTAL(9,U92:X92) -> 2340 | Z92: =AA92/Y92 -> 550 | AA92: =VLOOKUP(T92,B:Q,16,0) -> 1287000
B93: Safawi Dates 10kg | C93: 2320 | D93: 550 | E93: 1276000 | F93: 20 | G93: 550 | H93: 11000 | O93: 2340 | P93: 550 | Q93: 1287000 | T93: Safawi Dates 20kg | U93: =VLOOKUP(T93,B:L,2,0) -> 1880 | V93: =VLOOKUP(T93,B:L,5,0) -> 100 | W93: =VLOOKUP(T93,B:L,8,0) -> 0 | X93: =VLOOKUP(T93,B:L,11,0) -> 0 | Y93: =SUBTOTAL(9,U93:X93) -> 1980 | Z93: =AA93/Y93 -> 550 | AA93: =VLOOKUP(T93,B:Q,16,0) -> 1089000
B94: Safawi Dates 20kg | C94: 1880 | D94: 550 | E94: 1034000 | F94: 100 | G94: 550 | H94: 55000 | O94: 1980 | P94: 550 | Q94: 1089000 | T94: Safawi Dates 5kg | U94: =VLOOKUP(T94,B:L,2,0) -> 0 | V94: =VLOOKUP(T94,B:L,5,0) -> 760 | W94: =VLOOKUP(T94,B:L,8,0) -> 0 | X94: =VLOOKUP(T94,B:L,11,0) -> 0 | Y94: =SUBTOTAL(9,U94:X94) -> 760 | Z94: =AA94/Y94 -> 550 | AA94: =VLOOKUP(T94,B:Q,16,0) -> 418000
B95: Safawi Dates 5kg | F95: 760 | G95: 550 | H95: 418000 | O95: 760 | P95: 550 | Q95: 418000 | T95: Safawi Dates Arsh 10kg | U95: =VLOOKUP(T95,B:L,2,0) -> 0 | V95: =VLOOKUP(T95,B:L,5,0) -> 135 | W95: =VLOOKUP(T95,B:L,8,0) -> 0 | X95: =VLOOKUP(T95,B:L,11,0) -> 0 | Y95: =SUBTOTAL(9,U95:X95) -> 135 | Z95: =AA95/Y95 -> 550 | AA95: =VLOOKUP(T95,B:Q,16,0) -> 74250
B96: Safawi Dates Arsh 10kg | F96: 135 | G96: 550 | H96: 74250 | O96: 135 | P96: 550 | Q96: 74250 | T96: Safawi Dates -Azmah 500gm-Tajir RTV | U96: =VLOOKUP(T96,B:L,2,0) -> 0 | V96: =VLOOKUP(T96,B:L,5,0) -> 340 | W96: =VLOOKUP(T96,B:L,8,0) -> 0 | X96: =VLOOKUP(T96,B:L,11,0) -> 0 | Y96: =SUBTOTAL(9,U96:X96) -> 340 | Z96: =AA96/Y96 -> 550 | AA96: =VLOOKUP(T96,B:Q,16,0) -> 187000
B97: Safawi Dates -Azmah 500gm-Tajir RTV | F97: 340 | G97: 550 | H97: 187000 | O97: 340 | P97: 550 | Q97: 187000 | T97: Safawi Dates National 10kg | U97: =VLOOKUP(T97,B:L,2,0) -> 0 | V97: =VLOOKUP(T97,B:L,5,0) -> 885 | W97: =VLOOKUP(T97,B:L,8,0) -> 0 | X97: =VLOOKUP(T97,B:L,11,0) -> 0 | Y97: =SUBTOTAL(9,U97:X97) -> 885 | Z97: =AA97/Y97 -> 550 | AA97: =VLOOKUP(T97,B:Q,16,0) -> 486750
B98: Safawi Dates National 10kg | F98: 885 | G98: 550 | H98: 486750 | O98: 885 | P98: 550 | Q98: 486750 | S98: Premium Dates Total | U98: =SUM(U68:U97) -> 4730 | V98: =SUM(V68:V97) -> 33445.896 | W98: =SUM(W68:W97) -> 10500 | X98: =SUM(X97) -> 0 | Y98: =SUBTOTAL(9,U98:X98) -> 48675.896 | Z98: =AA98/Y98 -> 630.96737 | AA98: =SUM(AA68:AA97) -> 30712902
A99: Premium Dates Total | C99: 4730 | D99: 520 | E99: 2600450 | F99: 33445.896 | G99: 705.46921 | H99: 21675952 | I99: 10500 | J99: 613 | K99: 6436500 | O99: 48675.896 | P99: 681.56624 | Q99: 30712902
A100: Grand Total | C100: 481147 | D100: 188.57403 | E100: 78911354 | F100: 224013.3 | G100: 514.356 | H100: 64323822 | I100: 88500 | J100: 464.14286 | K100: 13430500 | L100: 6385.2 | M100: 201.5 | N100: 1410521.2 | O100: 800045.5 | P100: 405.12417 | Q100: 1.580762e+08

Sheet 12th May 26
A1: Savla Foods & Rishi Cold Storage Pvt Ltd | AA1: Overdays | AB1: Bucket | AD1: Overdays | AE1: Bucket
A2: Report Date : | B2: =TODAY() -> 46154 | AA2: 0 | AB2: < 6 Months | AD2: 0 | AE2: <30 Days
A3: As On Date : | B3: =TODAY()-1 -> 46153 | AA3: 180 | AB3: 06-12 Months | AD3: 30 | AE3: 30-60 Days
A4: Stock Details Report | J4: =TODAY()-1 -> 46153 | W4: =TODAY() -> 46154 | AA4: 365 | AB4: 12-18 Months | AD4: 60 | AE4: 60-90 Days
H5: =SUBTOTAL(9,H7:H1000033) -> 84890.5 | J5: =SUBTOTAL(9,J7:J1000033) -> 713510.3 | K5: 46153 | V5: =SUBTOTAL(9,V7:V1000033) -> 2.9335049e+08 | AA5: 540 | AB5: 18-24 Months | AD5: 90 | AE5: 90-180 Days
A6: Inward Dt | B6: Unit | C6: Inward No | D6: Item Description | E6: Item Mark | F6: Vakkal | G6: Lot No | H6: Net Qty On Cartons | I6: Weight KG | J6: Total Inventory Kgs | K6: Item Mark | L6: Spl. Remarks | M6: Group Name* | N6: Sub Group Name* | O6: Sub Sub Group Name* | P6: Item Display Name* | Q6: Tally Name | R6: Company Name | S6: Storage Location | T6: Exporter | U6: Last Purchase Rate | V6: Value | W6: Ageing | X6: Ageing Bucket | Y6: DAYS AGEING | AA6: 730 | AB6: >24 Months | AD6: 180 | AE6: >181 Days
A7: 24/07/2023 | B7: D-39 | C7: GR5903 | D7: KHAJUR BOX 10 | E7: WHITE POWDER | F7: V-2 | G7: 56059 | H7: 37 | I7: 10 | J7: =I7*H7 -> 370 | K7: Date Powder | L7: V2 | M7: {=VLOOKUP(Q7,[1]CDPL!$A:$D,{3,4},0)} -> DATES | N7: Powder | O7: AL BARAKAH | P7: 10KG AL BARAKAH DATE POWDER V2 | Q7: 10KG AL BARAKAH DATE POWDER V2 | R7: CDPL | S7: Savla | T7: AL BARAKAH | U7: 215 | V7: =U7*J7 -> 79550 | W7: =$W$4-A7 -> 1023 | X7: =VLOOKUP(W7,$AA$2:$AB$6,2) -> >24 Months | Y7: =VLOOKUP(W7,$AD$2:$AE$6,2) -> >181 Days
A8: 27/07/2024 | B8: D-39 | C8: GR6534 | D8: KHAJUR POWDER BOX 10 | E8: WHITE | F8: V-2 | G8: 93289 | H8: 114 | I8: 10 | J8: =I8*H8 -> 1140 | K8: Date Powder | L8: V2 | M8: {=VLOOKUP(Q8,[1]CDPL!$A:$D,{3,4},0)} -> DATES | N8: Powder | O8: AL BARAKAH | P8: 10KG AL BARAKAH DATE POWDER V2 | Q8: 10KG AL BARAKAH DATE POWDER V2 | R8: CDPL | S8: Savla | T8: AL BARAKAH | U8: 215 | V8: =U8*J8 -> 245100 | W8: =$W$4-A8 -> 654 | X8: =VLOOKUP(W8,$AA$2:$AB$6,2) -> 18-24 Months | Y8: =VLOOKUP(W8,$AD$2:$AE$6,2) -> >181 Days
A9: 27/07/2024 | B9: D-39 | C9: GR6534 | D9: KHAJUR POWDER BOX 10 | E9: WHITE | F9: V-2 | G9: 93289 | H9: 77 | I9: 10 | J9: =I9*H9 -> 770 | K9: Date Powder | L9: V2 | M9: {=VLOOKUP(Q9,[1]CDPL!$A:$D,{3,4},0)} -> DATES | N9: Powder | O9: AL BARAKAH | P9: 10KG AL BARAKAH DATE POWDER V2 | Q9: 10KG AL BARAKAH DATE POWDER V2 | R9: CDPL | S9: Savla | T9: AL BARAKAH | U9: 215 | V9: =U9*J9 -> 165550 | W9: =$W$4-A9 -> 654 | X9: =VLOOKUP(W9,$AA$2:$AB$6,2) -> 18-24 Months | Y9: =VLOOKUP(W9,$AD$2:$AE$6,2) -> >181 Days
A10: 27/09/2024 | B10: D-39 | C10: GR10651 | D10: KHAJUR BOX 10 | E10: WHITE | F10: - | G10: 110715 | H10: 97 | I10: 10 | J10: =I10*H10 -> 970 | K10: Dry Dates | L10: Chopped Date | M10: {=VLOOKUP(Q10,[1]CDPL!$A:$D,{3,4},0)} -> DATES | N10: Diced | O10: AL BARAKAH | P10: Al Barakah Chopped Dates Dried 10KG | Q10: AL BARAKAH CHOPPED DATES | R10: CDPL | S10: Savla | T10: AL BARAKAH | U10: 110 | V10: =U10*J10 -> 106700 | W10: =$W$4-A10 -> 592 | X10: =VLOOKUP(W10,$AA$2:$AB$6,2) -> 18-24 Months | Y10: =VLOOKUP(W10,$AD$2:$AE$6,2) -> >181 Days
A11: 25/11/2024 | B11: D-39 | C11: GR14538 | D11: KHAJUR BOX 10 | E11: SAAD/ BROWN | F11: BLACK | G11: 121319 | H11: 17 | I11: 10 | J11: =I11*H11 -> 170 | K11: Economical Dates | L11: Lulu | M11: {=VLOOKUP(Q11,[1]CDPL!$A:$D,{3,4},0)} -> DATES | N11: Lulu | O11: Black | P11: AL BARAKAH LULU WET DATES (BLACK) 10KG | Q11: AL BARAKAH LULU BLACK DATES-10KG | R11: CDPL | S11: Savla | T11: AL BARAKAH | U11: 182 | V11: =U11*J11 -> 30940 | W11: =$W$4-A11 -> 533 | X11: =VLOOKUP(W11,$AA$2:$AB$6,2) -> 12-18 Months | Y11: =VLOOKUP(W11,$AD$2:$AE$6,2) -> >181 Days
A12: 10/12/2024 | B12: D-39 | C12: GR15535 | D12: KHAJUR BOX 10 | E12: DATE CRUSHED | F12: WHITE | G12: 123526 | H12: 60 | I12: 10 | J12: =I12*H12 -> 600 | K12: Dry Dates | L12: Crushed Date | M12: {=VLOOKUP(Q12,[1]CDPL!$A:$D,{3,4},0)} -> DATES | N12: Diced | O12: AL BARAKAH | P12: Al Barakah Crushed Dates 10KG | Q12: AL BARAKAH CRUSHED DATES 10KG | R12: CDPL | S12: Savla | T12: AL BARAKAH | U12: 116.6 | V12: =U12*J12 -> 69960 | W12: =$W$4-A12 -> 518 | X12: =VLOOKUP(W12,$AA$2:$AB$6,2) -> 12-18 Months | Y12: =VLOOKUP(W12,$AD$2:$AE$6,2) -> >181 Days
A13: 10/12/2024 | B13: D-39 | C13: GR15535 | D13: KHAJUR BOX 10 | E13: DATE POWDER V2 | F13: WHITE | G13: 123525 | H13: 918 | I13: 10 | J13: =I13*H13 -> 9180 | K13: Date Powder | L13: V2 | M13: {=VLOOKUP(Q13,[1]CDPL!$A:$D,{3,4},0)} -> DATES | N13: Powder | O13: AL BARAKAH | P13: 10KG AL BARAKAH DATE POWDER V2 | Q13: 10KG AL BARAKAH DATE POWDER V2 | R13: CDPL | S13: Savla | T13: AL BARAKAH | U13: 215 | V13: =U13*J13 -> 1973700 | W13: =$W$4-A13 -> 518 | X13: =VLOOKUP(W13,$AA$2:$AB$6,2) -> 12-18 Months | Y13: =VLOOKUP(W13,$AD$2:$AE$6,2) -> >181 Days
A14: 15/01/2025 | B14: D-514 | C14: GR7072 | D14: KHAJUR BOX 5 | E14: SIAFA AJWA G | F14: 74228 | G14: 78999 | H14: 45 | I14: 5 | J14: =I14*H14 -> 225 | K14: Premium Dates | L14: Ajwa | M14: {=VLOOKUP(Q14,[1]CDPL!$A:$D,{3,4},0)} -> DATES | N14: Ajwa | O14: Premium | P14: Ajwa Regular | Q14: Wet Dates Ajwa | R14: CDPL | S14: Savla | T14: Local | U14: 980 | V14: =U14*J14 -> 220500 | W14: =$W$4-A14 -> 482 | X14: =VLOOKUP(W14,$AA$2:$AB$6,2) -> 12-18 Months | Y14: =VLOOKUP(W14,$AD$2:$AE$6,2) -> >181 Days
A15: 15/01/2025 | B15: D-514 | C15: GR7072 | D15: KHAJUR BOX 5 | E15: SIFA AJWA S | F15: 74229 | G15: 79000 | H15: 31 | I15: 5 | J15: =I15*H15 -> 155 | K15: Premium Dates | L15: Ajwa | M15: {=VLOOKUP(Q15,[1]CDPL!$A:$D,{3,4},0)} -> DATES | N15: Ajwa | O15: Premium | P15: Ajwa Regular | Q15: Wet Dates Ajwa | R15: CDPL | S15: Savla | T15: Local | U15: 980 | V15: =U15*J15 -> 151900 | W15: =$W$4-A15 -> 482 | X15: =VLOOKUP(W15,$AA$2:$AB$6,2) -> 12-18 Months | Y15: =VLOOKUP(W15,$AD$2:$AE$6,2) -> >181 Days
A16: 10/02/2025 | B16: D-514 | C16: GR7683 | D16: KHAJUR BOX 15 | E16: DATES WET MEDJOUL BABY | F16: 5KGX3 | G16: 79912 | H16: 9 | I16: 15 | J16: =I16*H16 -> 135 | K16: Premium Dates | L16: Medjoul-Mini | M16: {=VLOOKUP(Q16,[1]CDPL!$A:$D,{3,4},0)} -> DATES | N16: Medjoul-Junior | O16: Mini | P16: MDJL Mini Dates 5 kg | Q16: WET DATES MEDJOUL BULK MINI (5) | R16: CDPL | S16: Savla | T16: Hadiklaim | U16: 477 | V16: =U16*J16 -> 64395 | W16: =$W$4-A16 -> 456 | X16: =VLOOKUP(W16,$AA$2:$AB$6,2) -> 12-18 Months | Y16: =VLOOKUP(W16,$AD$2:$AE$6,2) -> >181 Days
A17: 10/02/2025 | B17: D-514 | C17: GR7683 | D17: KHAJUR BOX (M) 8 | E17: DATE MEDJOUL KING SOLOMON | F17: 500 GM | G17: 79910 | H17: 59 | I17: 8 | J17: =I17*H17 -> 472 | K17: Premium Dates | L17: Medjoul-Large | M17: {=VLOOKUP(Q17,[1]CDPL!$A:$D,{3,4},0)} -> DATES | N17: Medjoul-Large | O17: Large | P17: Medjoul Dates Large 5 kg | Q17: WET DATES MEDJOUL BULK LARGE (5) | R17: CDPL | S17: Savla | T17: Hadiklaim | U17: 817 | V17: =U17*J17 -> 385624 | W17: =$W$4-A17 -> 456 | X17: =VLOOKUP(W17,$AA$2:$AB$6,2) -> 12-18 Months | Y17: =VLOOKUP(W17,$AD$2:$AE$6,2) -> >181 Days
A18: 10/02/2025 | B18: D-514 | C18: GR7683 | D18: KHAJUR BOX (M) 8 | E18: DATE MEDJOUL KING SOLOMON | F18: 1 KG | G18: 79911 | H18: 7 | I18: 8 | J18: =I18*H18 -> 56 | K18: Premium Dates | L18: Medjoul-Jumbo | M18: {=VLOOKUP(Q18,[1]CDPL!$A:$D,{3,4},0)} -> DATES | N18: Medjoul-Jumbo | O18: JUMBO | P18: MEDJOUL DATES JUMBO 8 kg | Q18: WET DATES MEDJOUL JUMBO | R18: CDPL | S18: Savla | T18: Hadiklaim | U18: 1045 | V18: =U18*J18 -> 58520 | W18: =$W$4-A18 -> 456 | X18: =VLOOKUP(W18,$AA$2:$AB$6,2) -> 12-18 Months | Y18: =VLOOKUP(W18,$AD$2:$AE$6,2) -> >181 Days
A19: 11/02/2025 | B19: D-514 | C19: GR7699 | D19: KHAJUR BOX (M) 5 | E19: MEDJOUL SUPER JUMBO | F19: NO.2 | G19: 79952 | H19: 9 | I19: 5 | J19: =I19*H19 -> 45 | K19: Premium Dates | L19: Medjoul-Rej | M19: {=VLOOKUP(Q19,[1]CFPL!$A:$D,{3,4},0)} -> DATES | N19: OFF-GRADE DATES | O19: S.JUMBO | P19: MEDJOUL DATES SUPER JUMBO 5KG | Q19: Off-Grade Dates | R19: CDPL | S19: Savla | T19: Hadiklaim | U19: 1139 | V19: =U19*J19 -> 51255 | W19: =$W$4-A19 -> 455 | X19: =VLOOKUP(W19,$AA$2:$AB$6,2) -> 12-18 Months | Y19: =VLOOKUP(W19,$AD$2:$AE$6,2) -> >181 Days
A20: 26/02/2025 | B20: D-39 | C20: GR20724 | D20: KHAJUR BOX 10 | E20: - | F20: KING SOLOMON | G20: 133830 | H20: 119 | I20: 8 | J20: =I20*H20 -> 952 | K20: Premium Dates | L20: Medjoul-Large | M20: {=VLOOKUP(Q20,[1]CFPL!$A:$D,{3,4},0)} -> DATES | N20: Medjoul-Medium | O20: Large | P20: Medjoul Tajir RTV | Q20: King Solomon Medjoul Dates Medium 500 Gm | R20: CDPL | S20: Savla | T20: Hadiklaim | U20: 817 | V20: =U20*J20 -> 777784 | W20: =$W$4-A20 -> 440 | X20: =VLOOKUP(W20,$AA$2:$AB$6,2) -> 12-18 Months | Y20: =VLOOKUP(W20,$AD$2:$AE$6,2) -> >181 Days
A21: 19/03/2025 | B21: D-514 | C21: GR8554 | D21: KHAJUR BOX (M) 5 | E21: MDJL LARGE | F21: NO-2 | G21: 81382 | H21: 4 | I21: 5 | J21: =I21*H21 -> 20 | K21: Premium Dates | L21: Medjoul-Rej | M21: {=VLOOKUP(Q21,[1]CFPL!$A:$D,{3,4},0)} -> DATES | N21: OFF-GRADE DATES | O21: Large | P21: Medjoul Large No.2 Sorted | Q21: Off-Grade Dates | R21: CDPL | S21: Savla | T21: Hadiklaim | U21: 200 | V21: =U21*J21 -> 4000 | W21: =$W$4-A21 -> 419 | X21: =VLOOKUP(W21,$AA$2:$AB$6,2) -> 12-18 Months | Y21: =VLOOKUP(W21,$AD$2:$AE$6,2) -> >181 Days
A22: 21/03/2025 | B22: D-514 | C22: GR8597 | D22: KHAJUR BOX 5 | E22: ROYAL DELIGHT | F22: AJWA | G22: 81466 | H22: 73 | I22: 5 | J22: =I22*H22 -> 365 | K22: Premium Dates | L22: Ajwa | M22: {=VLOOKUP(Q22,[1]CDPL!$A:$D,{3,4},0)} -> DATES | N22: Ajwa | O22: RTV | P22: Royal Delight Ajwa 5kg | Q22: Royal Delight Ajwa Dates 5 Kgs | R22: CDPL | S22: Savla | T22: Local | U22: 980 | V22: =U22*J22 -> 357700 | W22: =$W$4-A22 -> 417 | X22: =VLOOKUP(W22,$AA$2:$AB$6,2) -> 12-18 Months | Y22: =VLOOKUP(W22,$AD$2:$AE$6,2) -> >181 Days
A23: 31/03/2025 | B23: D-514 | C23: GR8855 | D23: KHAJUR BOX 10 | E23: WANAN DATES | F23: 12.5 KG | G23: 81944 | H23: 1 | I23: 12.5 | J23: =I23*H23 -> 12.5 | K23: Organic Dates | L23: Org Wanan-Large | M23: {=VLOOKUP(Q23,[1]CFPL!$A:$D,{3,4},0)} -> DATES | N23: Wanan | O23: Large | P23: Organic Wanan Pr.Large | Q23: Organic Wanan Premium Large | R23: CDPL | S23: Savla | T23: NAKHEEL | U23: 715 | V23: =U23*J23 -> 8937.5 | W23: =$W$4-A23 -> 407 | X23: =VLOOKUP(W23,$AA$2:$AB$6,2) -> 12-18 Months | Y23: =VLOOKUP(W23,$AD$2:$AE$6,2) -> >181 Days
A24: 31/03/2025 | B24: D-514 | C24: GR8855 | D24: KHAJUR BOX (M)12 | E24: SEQEE DATES | F24: 12.5 KG | G24: 81942 | H24: 2 | I24: 12.5 | J24: =I24*H24 -> 25 | K24: Organic Dates | L24: Org Seqee-Large | M24: {=VLOOKUP(Q24,[1]CFPL!$A:$D,{3,4},0)} -> DATES | N24: Seqee | O24: Large | P24: Organic Seqee Pr.Large | Q24: Organic Seqee Premium Large | R24: CDPL | S24: Savla | T24: NAKHEEL | U24: 641 | V24: =U24*J24 -> 16025 | W24: =$W$4-A24 -> 407 | X24: =VLOOKUP(W24,$AA$2:$AB$6,2) -> 12-18 Months | Y24: =VLOOKUP(W24,$AD$2:$AE$6,2) -> >181 Days
A25: 31/03/2025 | B25: D-514 | C25: GR8855 | D25: KHAJUR BOX (M)12 | E25: KHIDRI | F25: 12.5 KG | G25: 81943 | H25: 1 | I25: 12.5 | J25: =I25*H25 -> 12.5 | K25: Organic Dates | L25: Org Khidri-Med | M25: {=VLOOKUP(Q25,[1]CFPL!$A:$D,{3,4},0)} -> DATES | N25: Khidri | O25: Medium | P25: Organic Khidri Pr.Medium | Q25: Organic Khidri Premium Medium | R25: CDPL | S25: Savla | T25: NAKHEEL | U25: 403 | V25: =U25*J25 -> 5037.5 | W25: =$W$4-A25 -> 407 | X25: =VLOOKUP(W25,$AA$2:$AB$6,2) -> 12-18 Months | Y25: =VLOOKUP(W25,$AD$2:$AE$6,2) -> >181 Days
A26: 07/04/2025 | B26: D-39 | C26: GR465 | D26: KHAJUR BOX 10 | E26: CRUSHED WHITE | F26: - | G26: 138382 | H26: 3 | I26: 10 | J26: =I26*H26 -> 30 | K26: Dry Dates | L26: Crushed Date | M26: {=VLOOKUP(Q26,[1]CDPL!$A:$D,{3,4},0)} -> DATES | N26: Diced | O26: AL BARAKAH | P26: Al Barakah Crushed Dates 10KG | Q26: AL BARAKAH CRUSHED DATES 10KG | R26: CDPL | S26: Savla | T26: AL BARAKAH | U26: 127 | V26: =U26*J26 -> 3810 | W26: =$W$4-A26 -> 400 | X26: =VLOOKUP(W26,$AA$2:$AB$6,2) -> 12-18 Months | Y26: =VLOOKUP(W26,$AD$2:$AE$6,2) -> >181 Days
A27: 07/04/2025 | B27: D-514 | C27: GR117 | D27: KHAJUR BOX (M)12 | E27: ORGANIC WANAN | F27: PR.JUMBO | G27: 76578 | H27: 11 | I27: 12.5 | J27: =I27*H27 -> 137.5 | K27: Organic Dates | L27: Org Wanan-Jumbo | M27: {=VLOOKUP(Q27,[1]CFPL!$A:$D,{3,4},0)} -> DATES | N27: Wanan | O27: Jumbo | P27: Organic Wanan Pr.Jumbo | Q27: Organic Wanan Premium Jumbo | R27: CDPL | S27: Savla | T27: NAKHEEL | U27: 938 | V27: =U27*J27 -> 128975 | W27: =$W$4-A27 -> 400 | X27: =VLOOKUP(W27,$AA$2:$AB$6,2) -> 12-18 Months | Y27: =VLOOKUP(W27,$AD$2:$AE$6,2) -> >181 Days
A28: 07/04/2025 | B28: D-514 | C28: GR117 | D28: KHAJUR BOX (M)12 | E28: ORGANIC WANAN | F28: PR.LARGE | G28: 76579 | H28: 10 | I28: 12.5 | J28: =I28*H28 -> 125 | K28: Organic Dates | L28: Org Wanan-Large | M28: {=VLOOKUP(Q28,[1]CFPL!$A:$D,{3,4},0)} -> DATES | N28: Wanan | O28: Large | P28: Organic Wanan Pr.Large | Q28: Organic Wanan Premium Large | R28: CDPL | S28: Savla | T28: NAKHEEL | U28: 715 | V28: =U28*J28 -> 89375 | W28: =$W$4-A28 -> 400 | X28: =VLOOKUP(W28,$AA$2:$AB$6,2) -> 12-18 Months | Y28: =VLOOKUP(W28,$AD$2:$AE$6,2) -> >181 Days
A29: 30/04/2025 | B29: D-514 | C29: GR748 | D29: KHAJUR BOX 5 | E29: RABIA DETLAND DATES | F29: - | G29: 2056 | H29: 5 | I29: 5 | J29: =I29*H29 -> 25 | K29: Economical Dates | L29: Rabia | M29: {=VLOOKUP(Q29,[1]CDPL!$A:$D,{3,4},0)} -> DATES | N29: Rabia | O29: Rabia | P29: Rabia Dates 5kg | Q29: Wet Dates (Rabia) | R29: CDPL | S29: Savla | T29: Local | U29: 187.5 | V29: =U29*J29 -> 4687.5 | W29: =$W$4-A29 -> 377 | X29: =VLOOKUP(W29,$AA$2:$AB$6,2) -> 12-18 Months | Y29: =VLOOKUP(W29,$AD$2:$AE$6,2) -> >181 Days
A30: 16/05/2025 | B30: D-39 | C30: GR3027 | D30: KHAJUR BOX 10 | E30: DATE POWDER | F30: - | G30: 142972 | H30: 50 | I30: 10 | J30: =I30*H30 -> 500 | K30: Date Powder | L30: V1 | M30: {=VLOOKUP(Q30,[1]CDPL!$A:$D,{3,4},0)} -> DATES | N30: Powder | O30: AL BARAKAH | P30: 10KG AL BARAKAH DATE POWDER V1 | Q30: 10KG AL BARAKAH DATE POWDER V1 | R30: CDPL | S30: Savla | T30: AL BARAKAH | U30: 270 | V30: =U30*J30 -> 135000 | W30: =$W$4-A30 -> 361 | X30: =VLOOKUP(W30,$AA$2:$AB$6,2) -> 06-12 Months | Y30: =VLOOKUP(W30,$AD$2:$AE$6,2) -> >181 Days
A31: 29/06/2025 | B31: D-39 | C31: GR5609 | D31: KHAJUR POWDER BOX 10 | E31: AL BARAKAH | F31: MIX | G31: 147739 | H31: 32 | I31: 10 | J31: =I31*H31 -> 320 | K31: Date Powder | L31: V1 | M31: {=VLOOKUP(Q31,[1]CDPL!$A:$D,{3,4},0)} -> DATES | N31: Powder | O31: AL BARAKAH | P31: 10KG AL BARAKAH DATE POWDER | Q31: 10KG AL BARAKAH DATE POWDER V1 | R31: CDPL | S31: Savla | T31: AL BARAKAH | U31: 270 | V31: =U31*J31 -> 86400 | W31: =$W$4-A31 -> 317 | X31: =VLOOKUP(W31,$AA$2:$AB$6,2) -> 06-12 Months | Y31: =VLOOKUP(W31,$AD$2:$AE$6,2) -> >181 Days
A32: 24/09/2025 | B32: D-39 | C32: GR10777 | D32: KHAJUR POWDER BOX 10 | E32: AL BARAKAH | F32: - | G32: 156985 | H32: 1099 | I32: 10 | J32: =I32*H32 -> 10990 | K32: Date Powder | L32: V1 | M32: {=VLOOKUP(Q32,[1]CDPL!$A:$D,{3,4},0)} -> DATES | N32: Powder | O32: AL BARAKAH | P32: 10KG AL BARAKAH DATE POWDER | Q32: 10KG AL BARAKAH DATE POWDER V1 | R32: CDPL | S32: Savla | T32: AL BARAKAH | U32: 280 | V32: =U32*J32 -> 3077200 | W32: =$W$4-A32 -> 230 | X32: =VLOOKUP(W32,$AA$2:$AB$6,2) -> 06-12 Months | Y32: =VLOOKUP(W32,$AD$2:$AE$6,2) -> >181 Days
A33: 04/11/2025 | B33: D-39 | C33: GR13565 | D33: KHAJUR BOX KIMIA 6 | E33: KIMIA GOLD | F33: - | G33: 164985 | H33: 342 | I33: 6.8 | J33: =I33*H33 -> 2325.6 | K33: Economical Dates | L33: Mazafati | M33: {=VLOOKUP(Q33,[1]CDPL!$A:$D,{3,4},0)} -> DATES | N33: Kimia | O33: Local | P33: Wet Dates (Mazafati) | Q33: Wet Dates (Mazafati) | R33: CDPL | S33: Savla | T33: Local | U33: 200 | V33: =U33*J33 -> 465120 | W33: =$W$4-A33 -> 189 | X33: =VLOOKUP(W33,$AA$2:$AB$6,2) -> 06-12 Months | Y33: =VLOOKUP(W33,$AD$2:$AE$6,2) -> >181 Days
A34: 19/11/2025 | B34: D-514 | C34: GR5839 | D34: KHAJUR BOX 5 | E34: AJWA PREMIUM (JFD)8883 | F34: - | G34: 9620 | H34: 4 | I34: 5 | J34: =I34*H34 -> 20 | K34: Premium Dates | L34: Ajwa | M34: {=VLOOKUP(Q34,[1]CDPL!$A:$D,{3,4},0)} -> DATES | N34: Ajwa | O34: Premium | P34: Ajwa Premium | Q34: Wet Dates Ajwa | R34: CDPL | S34: Savla | T34: Local | U34: 675 | V34: =U34*J34 -> 13500 | W34: =$W$4-A34 -> 174 | X34: =VLOOKUP(W34,$AA$2:$AB$6,2) -> < 6 Months | Y34: =VLOOKUP(W34,$AD$2:$AE$6,2) -> 90-180 Days
A35: 19/11/2025 | B35: D-514 | C35: GR5839 | D35: KHAJUR BOX 5 | E35: AJWA REGULAR (JFD) 8884 | F35: - | G35: 9621 | H35: 40 | I35: 5 | J35: =I35*H35 -> 200 | K35: Premium Dates | L35: Ajwa | M35: {=VLOOKUP(Q35,[1]CDPL!$A:$D,{3,4},0)} -> DATES | N35: Ajwa | O35: Regular | P35: Ajwa Regular | Q35: Wet Dates Ajwa | R35: CDPL | S35: Savla | T35: Local | U35: 675 | V35: =U35*J35 -> 135000 | W35: =$W$4-A35 -> 174 | X35: =VLOOKUP(W35,$AA$2:$AB$6,2) -> < 6 Months | Y35: =VLOOKUP(W35,$AD$2:$AE$6,2) -> 90-180 Days
A36: 13/12/2025 | B36: D-514 | C36: GR6454 | D36: KHAJUR BOX 5 | E36: SIAFA MABROOM REGUL.[8701] | F36: - | G36: 10801 | H36: 40 | I36: 5 | J36: =I36*H36 -> 200 | K36: Premium Dates | L36: Mabroom | M36: {=VLOOKUP(Q36,[1]CDPL!$A:$D,{3,4},0)} -> DATES | N36: Mabroom | O36: Mabroom | P36: Mabroom Regular | Q36: Wet Dates (Mabroom) | R36: CDPL | S36: Savla | T36: Local | U36: 800 | V36: =U36*J36 -> 160000 | W36: =$W$4-A36 -> 150 | X36: =VLOOKUP(W36,$AA$2:$AB$6,2) -> < 6 Months | Y36: =VLOOKUP(W36,$AD$2:$AE$6,2) -> 90-180 Days
A37: 13/12/2025 | B37: D-514 | C37: GR6454 | D37: KHAJUR BOX 5 | E37: AJWA REGULAR [8884] | F37: - | G37: 10798 | H37: 15 | I37: 5 | J37: =I37*H37 -> 75 | K37: Premium Dates | L37: Ajwa | M37: {=VLOOKUP(Q37,[1]CDPL!$A:$D,{3,4},0)} -> DATES | N37: Ajwa | O37: Regular | P37: Ajwa Regular | Q37: Wet Dates Ajwa | R37: CDPL | S37: Savla | T37: Local | U37: 675 | V37: =U37*J37 -> 50625 | W37: =$W$4-A37 -> 150 | X37: =VLOOKUP(W37,$AA$2:$AB$6,2) -> < 6 Months | Y37: =VLOOKUP(W37,$AD$2:$AE$6,2) -> 90-180 Days
A38: 05/01/2026 | B38: D-39 | C38: GR18127 | D38: KHAJUR SYRUP BUCKET 25 | E38: DATE SYRUP | F38: - | G38: 176443 | H38: 3 | I38: 25 | J38: =I38*H38 -> 75 | K38: Date Syrup | L38: Bucket 25Kg | M38: {=VLOOKUP(Q38,[1]CDPL!$A:$D,{3,4},0)} -> DATES | N38: Syrup | O38: AL BARAKAH | P38: AL BARAKAH DATES SYRUP 25 kg Pack | Q38: 25KG AL BARAKAH DATE SYRUP V1 | R38: CDPL | S38: Savla | T38: AL BARAKAH | U38: 109.8 | V38: =U38*J38 -> 8235 | W38: =$W$4-A38 -> 127 | X38: =VLOOKUP(W38,$AA$2:$AB$6,2) -> < 6 Months | Y38: =VLOOKUP(W38,$AD$2:$AE$6,2) -> 90-180 Days
A39: 12/01/2026 | B39: D-514 | C39: GR7119 | D39: KHAJUR BOX 5 | E39: AJWA WHITE BOX | F39: - | G39: 12108 | H39: 73 | I39: 5 | J39: =I39*H39 -> 365 | K39: Premium Dates | L39: Ajwa | M39: {=VLOOKUP(Q39,[1]CDPL!$A:$D,{3,4},0)} -> DATES | N39: Ajwa | O39: Regular | P39: Ajwa Regular | Q39: Wet Dates Ajwa | R39: CDPL | S39: Savla | T39: Local | U39: 675 | V39: =U39*J39 -> 246375 | W39: =$W$4-A39 -> 120 | X39: =VLOOKUP(W39,$AA$2:$AB$6,2) -> < 6 Months | Y39: =VLOOKUP(W39,$AD$2:$AE$6,2) -> 90-180 Days
A40: 18/01/2026 | B40: D-514 | C40: GR7275 | D40: KHAJUR BOX 5 | E40: SUPER SELECT SAFAWI | F40: SS | G40: 12324 | H40: 970 | I40: 5 | J40: =I40*H40 -> 4850 | K40: Premium Dates | L40: Safawi-SS | M40: {=VLOOKUP(Q40,[1]CFPL!$A:$D,{3,4},0)} -> DATES | N40: Safavi | O40: Super Select | P40: Wet Dates Safavi - Super Select | Q40: Wet Dates Safavi | R40: CDPL | S40: Savla | T40: AL BARAKAH | U40: 435 | V40: =U40*J40 -> 2109750 | W40: =$W$4-A40 -> 114 | X40: =VLOOKUP(W40,$AA$2:$AB$6,2) -> < 6 Months | Y40: =VLOOKUP(W40,$AD$2:$AE$6,2) -> 90-180 Days
A41: 18/01/2026 | B41: D-514 | C41: GR7275 | D41: KHAJUR BOX 5 | E41: SUPER SELECT AJWA | F41: A | G41: 12325 | H41: 877 | I41: 5 | J41: =I41*H41 -> 4385 | K41: Premium Dates | L41: Ajwa-SS | M41: {=VLOOKUP(Q41,[1]CDPL!$A:$D,{3,4},0)} -> DATES | N41: Ajwa | O41: Super Select | P41: Ajwa Super Select | Q41: Wet Dates Ajwa | R41: CDPL | S41: Savla | T41: AL BARAKAH | U41: 248 | V41: =U41*J41 -> 1087480 | W41: =$W$4-A41 -> 114 | X41: =VLOOKUP(W41,$AA$2:$AB$6,2) -> < 6 Months | Y41: =VLOOKUP(W41,$AD$2:$AE$6,2) -> 90-180 Days
A42: 18/01/2026 | B42: D-514 | C42: GR7275 | D42: KHAJUR BOX 5 | E42: SUPER SELECT SAFAWI | F42: SS | G42: 12324 | H42: 690 | I42: 5 | J42: =I42*H42 -> 3450 | K42: Premium Dates | L42: Safawi-SS | M42: {=VLOOKUP(Q42,[1]CFPL!$A:$D,{3,4},0)} -> DATES | N42: Safavi | O42: Super Select | P42: Wet Dates Safavi - Super Select | Q42: Wet Dates Safavi | R42: CDPL | S42: Savla | T42: AL BARAKAH | U42: 435 | V42: =U42*J42 -> 1500750 | W42: =$W$4-A42 -> 114 | X42: =VLOOKUP(W42,$AA$2:$AB$6,2) -> < 6 Months | Y42: =VLOOKUP(W42,$AD$2:$AE$6,2) -> 90-180 Days
A43: 19/01/2026 | B43: D-39 | C43: GR18963 | D43: KHAJUR BOX 5 | E43: AL BARAKH SYRUP | F43: 400 GM | G43: 168714 | H43: 9 | I43: 4.8 | J43: =I43*H43 -> 43.2 | K43: Date Syrup | L43: 400g x 12 | M43: {=VLOOKUP(Q43,[1]CDPL!$A:$D,{3,4},0)} -> DATES | N43: Syrup | O43: AL BARAKAH | P43: AL BARAKHA DATE SYRUP ( 400G packing) | Q43: AL BARAKAH DATES SYRUP 400G | R43: CDPL | S43: Savla | T43: AL BARAKAH | U43: 190 | V43: =U43*J43 -> 8208 | W43: =$W$4-A43 -> 113 | X43: =VLOOKUP(W43,$AA$2:$AB$6,2) -> < 6 Months | Y43: =VLOOKUP(W43,$AD$2:$AE$6,2) -> 90-180 Days
A44: 29/01/2026 | B44: D-514 | C44: GR7518 | D44: KHAJUR BOX 5 | E44: SAFAWI DATES(WHITE BOX ) | F44: - | G44: 12324 | H44: 54 | I44: 5 | J44: =I44*H44 -> 270 | K44: Premium Dates | L44: Safawi-SS | M44: {=VLOOKUP(Q44,[1]CFPL!$A:$D,{3,4},0)} -> DATES | N44: Safavi | O44: Super Select | P44: Wet Dates Safavi - Super Select | Q44: Wet Dates Safavi | R44: CDPL | S44: Savla | T44: AL BARAKAH | U44: 435 | V44: =U44*J44 -> 117450 | W44: =$W$4-A44 -> 103 | X44: =VLOOKUP(W44,$AA$2:$AB$6,2) -> < 6 Months | Y44: =VLOOKUP(W44,$AD$2:$AE$6,2) -> 90-180 Days
A45: 30/03/2026 | B45: D-39 | C45: GR23074 | D45: KHAJUR BOX K 6 | E45: BAM MIX | F45: - | G45: 186079 | H45: 2450 | I45: 6.512 | J45: =I45*H45 -> 15954.4 | K45: Economical Dates | L45: Mazafati | M45: {=VLOOKUP(Q45,[1]CDPL!$A:$D,{3,4},0)} -> DATES | N45: Kimia | O45: AA IMPEX | P45: Wet Dates (Mazafati) | Q45: Wet Dates (Mazafati) | R45: CDPL | S45: Savla | T45: Local | U45: 215 | V45: =U45*J45 -> 3430196 | W45: =$W$4-A45 -> 43 | X45: =VLOOKUP(W45,$AA$2:$AB$6,2) -> < 6 Months | Y45: =VLOOKUP(W45,$AD$2:$AE$6,2) -> 30-60 Days
A46: 30/03/2026 | B46: D-39 | C46: GR23074 | D46: KHAJUR BOX K 6 | E46: BAM MIX | F46: - | G46: 186079 | H46: 967 | I46: 6.512 | J46: =I46*H46 -> 6297.104 | K46: Economical Dates | L46: Mazafati | M46: {=VLOOKUP(Q46,[1]CDPL!$A:$D,{3,4},0)} -> DATES | N46: Kimia | O46: AA IMPEX | P46: Wet Dates (Mazafati) | Q46: Wet Dates (Mazafati) | R46: CDPL | S46: Savla | T46: Local | U46: 215 | V46: =U46*J46 -> 1353877.4 | W46: =$W$4-A46 -> 43 | X46: =VLOOKUP(W46,$AA$2:$AB$6,2) -> < 6 Months | Y46: =VLOOKUP(W46,$AD$2:$AE$6,2) -> 30-60 Days
A47: 11/04/2026 | B47: D-39 | C47: GR643 | D47: KHAJUR BOX 6 | E47: BAM MIX | F47: - | G47: 2154 | H47: 1800 | I47: 6.77 | J47: =I47*H47 -> 12186 | K47: Economical Dates | L47: Mazafati | M47: {=VLOOKUP(Q47,[1]CDPL!$A:$D,{3,4},0)} -> DATES | N47: Kimia | O47: AA IMPEX | P47: Wet Dates (Mazafati) | Q47: Wet Dates (Mazafati) | R47: CDPL | S47: Savla | T47: Local | U47: 215 | V47: =U47*J47 -> 2619990 | W47: =$W$4-A47 -> 31 | X47: =VLOOKUP(W47,$AA$2:$AB$6,2) -> < 6 Months | Y47: =VLOOKUP(W47,$AD$2:$AE$6,2) -> 30-60 Days
A48: 21/04/2026 | B48: D-39 | C48: GR1319 | D48: KHAJUR BOX 5 | E48: DATE SYRUP 400 GM AL BARAK | F48: DATES | G48: 3622 | H48: 12 | I48: 4.8 | J48: =I48*H48 -> 57.6 | K48: Date Syrup | L48: 400g x 12 | M48: {=VLOOKUP(Q48,[1]CDPL!$A:$D,{3,4},0)} -> DATES | N48: Syrup | O48: AL BARAKAH | P48: AL BARAKHA DATE SYRUP ( 400G packing) | Q48: AL BARAKAH DATES SYRUP 400G | R48: CDPL | S48: Savla | T48: Local | U48: 190 | V48: =U48*J48 -> 10944 | W48: =$W$4-A48 -> 21 | X48: =VLOOKUP(W48,$AA$2:$AB$6,2) -> < 6 Months | Y48: =VLOOKUP(W48,$AD$2:$AE$6,2) -> <30 Days
A49: 23/04/2026 | B49: D-39 | C49: GR1494 | D49: KHAJUR BOX (M) 5 | E49: DATEELAND | F49: MEDIUM | G49: 3962 | H49: 905 | I49: 5 | J49: =I49*H49 -> 4525 | K49: Premium Dates | L49: Medjoul-Medium Local | M49: {=VLOOKUP(Q49,[1]CDPL!$A:$D,{3,4},0)} -> DATES | N49: Medjoul-Medium | O49: Premium Harvest | P49: Medjoul Dates Medium 5 kg | Q49: WET DATES MEDJOUL BULK MEDIUM(5) | R49: CDPL | S49: Savla | T49: Local | U49: 765 | V49: =U49*J49 -> 3461625 | W49: =$W$4-A49 -> 19 | X49: =VLOOKUP(W49,$AA$2:$AB$6,2) -> < 6 Months | Y49: =VLOOKUP(W49,$AD$2:$AE$6,2) -> <30 Days
A50: 23/04/2026 | B50: D-39 | C50: GR1494 | D50: KHAJUR BOX (M) 5 | E50: DATELAND | F50: MINI | G50: 3963 | H50: 938 | I50: 5 | J50: =I50*H50 -> 4690 | K50: Premium Dates | L50: Medjoul-Mini Local | M50: {=VLOOKUP(Q50,[1]CDPL!$A:$D,{3,4},0)} -> DATES | N50: Medjoul-Junior | O50: Premium Harvest | P50: Medjoul Dates Mini 5 kg | Q50: WET DATES MEDJOUL BULK MINI (5) | R50: CDPL | S50: Savla | T50: Local | U50: 677.14 | V50: =U50*J50 -> 3175786.6 | W50: =$W$4-A50 -> 19 | X50: =VLOOKUP(W50,$AA$2:$AB$6,2) -> < 6 Months | Y50: =VLOOKUP(W50,$AD$2:$AE$6,2) -> <30 Days
A51: 23/04/2026 | B51: D-39 | C51: GR1494 | D51: KHAJUR BOX (M) 5 | E51: DATELAND | F51: OPEN DAMAGES | G51: 4004 | H51: 4 | I51: 5 | J51: =I51*H51 -> 20 | K51: Premium Dates | L51: Medjoul-Mini Local | M51: {=VLOOKUP(Q51,[1]CDPL!$A:$D,{3,4},0)} -> DATES | N51: Medjoul-Junior | O51: Open Box | P51: Medjoul Dates Mini 5 kg | Q51: WET DATES MEDJOUL BULK MINI (5) | R51: CDPL | S51: Savla | T51: Local | U51: 677.14 | V51: =U51*J51 -> 13542.8 | W51: =$W$4-A51 -> 19 | X51: =VLOOKUP(W51,$AA$2:$AB$6,2) -> < 6 Months | Y51: =VLOOKUP(W51,$AD$2:$AE$6,2) -> <30 Days
A52: 26/04/2026 | B52: D-39 | C52: GR1642 | D52: KHAJUR BOX 5 | E52: WHITE | F52: SAMPLE | G52: 4386 | H52: 3 | I52: 3.96 | J52: =I52*H52 -> 11.88 | K52: Date Spread | L52: Spread 330gx12Nos | M52: {=VLOOKUP(Q52,[1]CDPL!$A:$D,{3,4},0)} -> DATES | N52: Spread | O52: AL BARAKAH | P52: Al Barakah Date Spread 330gx12 | Q52: Al Barakah Date Spread 330gx12 | R52: CDPL | S52: Savla | T52: AL BARAKAH | U52: 120 | V52: =U52*J52 -> 1425.6 | W52: =$W$4-A52 -> 16 | X52: =VLOOKUP(W52,$AA$2:$AB$6,2) -> < 6 Months | Y52: =VLOOKUP(W52,$AD$2:$AE$6,2) -> <30 Days
A53: 30/04/2026 | B53: D-39 | C53: GR1809 | D53: KHAJUR POWDER BOX 10 | E53: AL BARKHA | F53: - | G53: 4729 | H53: 1170 | I53: 10 | J53: =I53*H53 -> 11700 | K53: Date Powder | L53: V1 | M53: {=VLOOKUP(Q53,[1]CDPL!$A:$D,{3,4},0)} -> DATES | N53: Powder | O53: AL BARAKAH | P53: 10KG AL BARAKAH DATE POWDER | Q53: 10KG AL BARAKAH DATE POWDER V1 | R53: CDPL | S53: Savla | T53: AL BARAKAH | U53: 250 | V53: =U53*J53 -> 2925000 | W53: =$W$4-A53 -> 12 | X53: =VLOOKUP(W53,$AA$2:$AB$6,2) -> < 6 Months | Y53: =VLOOKUP(W53,$AD$2:$AE$6,2) -> <30 Days
A54: 02/05/2026 | B54: D-39 | C54: GR1904 | D54: KHAJUR SYRUP BUCKET 25 | E54: AL BARAKAH | F54: PREMIUM | G54: 4950 | H54: 532 | I54: 25 | J54: =I54*H54 -> 13300 | K54: Date Syrup | L54: Bucket 25Kg | M54: {=VLOOKUP(Q54,[1]CDPL!$A:$D,{3,4},0)} -> DATES | N54: Syrup | O54: AL BARAKAH | P54: AL BARAKAH DATES SYRUP 25 kg Pack | Q54: 25KG AL BARAKAH DATE SYRUP V1 | R54: CDPL | S54: Savla | T54: AL BARAKAH | U54: 109.8 | V54: =U54*J54 -> 1460340 | W54: =$W$4-A54 -> 10 | X54: =VLOOKUP(W54,$AA$2:$AB$6,2) -> < 6 Months | Y54: =VLOOKUP(W54,$AD$2:$AE$6,2) -> <30 Days
A55: 04/05/2026 | B55: D-39 | C55: GR1981 | D55: KHAJUR PASTE BOX 12 | E55: AL BARAKAH | F55: 500GM | G55: 5109 | H55: 1300 | I55: 12.5 | J55: =I55*H55 -> 16250 | K55: Date Paste | L55: Date Paste | M55: {=VLOOKUP(Q55,[1]CDPL!$A:$D,{3,4},0)} -> DATES | N55: Paste | O55: AL BARAKAH | P55: AL BARAKAH DATE PASTE 12.5KG | Q55: AL BARAKAH DATE PASTE 12.5KG | R55: CDPL | S55: Savla | T55: AL BARAKAH | U55: 85 | V55: =U55*J55 -> 1381250 | W55: =$W$4-A55 -> 8 | X55: =VLOOKUP(W55,$AA$2:$AB$6,2) -> < 6 Months | Y55: =VLOOKUP(W55,$AD$2:$AE$6,2) -> <30 Days
A56: 04/05/2026 | B56: D-39 | C56: GR1981 | D56: KHAJUR BOX 5 | E56: DATE SYRUP 400GM ALBARAKAH | F56: 400GM | G56: 5110 | H56: 200 | I56: 4.8 | J56: =I56*H56 -> 960 | K56: Date Syrup | L56: 400g x 12 | M56: {=VLOOKUP(Q56,[1]CDPL!$A:$D,{3,4},0)} -> DATES | N56: Syrup | O56: Urban Platter | P56: URBAN PLATTER DATE SYRUP (400GX12) | Q56: URBAN PLATTER DATE SYRUP (400GX12) | R56: CDPL | S56: Savla | T56: Local | U56: 206 | V56: =U56*J56 -> 197760 | W56: =$W$4-A56 -> 8 | X56: =VLOOKUP(W56,$AA$2:$AB$6,2) -> < 6 Months | Y56: =VLOOKUP(W56,$AD$2:$AE$6,2) -> <30 Days
A57: 08/11/2024 | B57: D-514 | C57: GR5551 | D57: KHAJUR BOX (M)12 | E57: ORGANIC KHIDRI | F57: PR.LARGE | G57: 76576 | H57: 34 | I57: 12.5 | J57: =I57*H57 -> 425 | K57: Organic Dates | L57: Org Khidri-Large | M57: {=VLOOKUP(Q57,[1]CFPL!$A:$D,{3,4},0)} -> DATES | N57: Khidri | O57: Large | P57: Organic Khidri Pr.Large | Q57: Organic Khidri Large dates | R57: CFPL | S57: Savla | T57: NAKHEEL | U57: 462 | V57: =U57*J57 -> 196350 | W57: =$W$4-A57 -> 550 | X57: =VLOOKUP(W57,$AA$2:$AB$6,2) -> 18-24 Months | Y57: =VLOOKUP(W57,$AD$2:$AE$6,2) -> >181 Days
A58: 08/11/2024 | B58: D-514 | C58: GR5550 | D58: KHAJUR BOX (M)12 | E58: ORGANIC KHIDRI | F58: PR.MEDIUM | G58: 76577 | H58: 49 | I58: 12.5 | J58: =I58*H58 -> 612.5 | K58: Organic Dates | L58: Org Khidri-Med | M58: {=VLOOKUP(Q58,[1]CFPL!$A:$D,{3,4},0)} -> DATES | N58: Khidri | O58: Medium | P58: Organic Khidri Pr.Medium | Q58: Organic Khidri Premium Medium | R58: CFPL | S58: Savla | T58: NAKHEEL | U58: 403 | V58: =U58*J58 -> 246837.5 | W58: =$W$4-A58 -> 550 | X58: =VLOOKUP(W58,$AA$2:$AB$6,2) -> 18-24 Months | Y58: =VLOOKUP(W58,$AD$2:$AE$6,2) -> >181 Days
A59: 08/11/2024 | B59: D-514 | C59: GR5551 | D59: KHAJUR BOX (M) 5 | E59: ORGANIC MEDJOUL | F59: PR.LARGE | G59: 76581 | H59: 7 | I59: 5 | J59: =I59*H59 -> 35 | K59: Organic Dates | L59: Org Medjoul-Lar | M59: {=VLOOKUP(Q59,[1]CFPL!$A:$D,{3,4},0)} -> DATES | N59: Medjoul-Large | O59: Large | P59: Organic Medjoul Pr.Large | Q59: Aldaka Medjool Premium Large | R59: CFPL | S59: Savla | T59: NAKHEEL | U59: 730 | V59: =U59*J59 -> 25550 | W59: =$W$4-A59 -> 550 | X59: =VLOOKUP(W59,$AA$2:$AB$6,2) -> 18-24 Months | Y59: =VLOOKUP(W59,$AD$2:$AE$6,2) -> >181 Days
A60: 14/11/2024 | B60: D-514 | C60: GR5704 | D60: KHAJUR BOX (M)12 | E60: ORAGNIC KHIDRI | F60: PR.MEDIUM | G60: 76577 | H60: 30 | I60: 12.5 | J60: =I60*H60 -> 375 | K60: Organic Dates | L60: Org Khidri-Med | M60: {=VLOOKUP(Q60,[1]CFPL!$A:$D,{3,4},0)} -> DATES | N60: Khidri | O60: Medium | P60: Organic Khidri Pr.Medium | Q60: Organic Khidri Premium Medium | R60: CFPL | S60: Savla | T60: NAKHEEL | U60: 403 | V60: =U60*J60 -> 151125 | W60: =$W$4-A60 -> 544 | X60: =VLOOKUP(W60,$AA$2:$AB$6,2) -> 18-24 Months | Y60: =VLOOKUP(W60,$AD$2:$AE$6,2) -> >181 Days
A61: 27/11/2024 | B61: D-514 | C61: GR5973 | D61: KHAJUR BOX (M)12 | E61: ORGANIC KHIDRI LARGE | F61: - | G61: 77155 | H61: 2 | I61: 12.5 | J61: =I61*H61 -> 25 | K61: Organic Dates | L61: Org Khidri-Large | M61: {=VLOOKUP(Q61,[1]CFPL!$A:$D,{3,4},0)} -> DATES | N61: Khidri | O61: Large | P61: Organic Khidri Pr.Large | Q61: Organic Khidri Large dates | R61: CFPL | S61: Savla | T61: NAKHEEL | U61: 462 | V61: =U61*J61 -> 11550 | W61: =$W$4-A61 -> 531 | X61: =VLOOKUP(W61,$AA$2:$AB$6,2) -> 12-18 Months | Y61: =VLOOKUP(W61,$AD$2:$AE$6,2) -> >181 Days
A62: 27/11/2024 | B62: D-514 | C62: GR5973 | D62: KHAJUR BOX (M)12 | E62: ORGANIC KHIDRI MEDIUM | F62: - | G62: 77154 | H62: 1 | I62: 12.5 | J62: =I62*H62 -> 12.5 | K62: Organic Dates | L62: Org Khidri-Med | M62: {=VLOOKUP(Q62,[1]CFPL!$A:$D,{3,4},0)} -> DATES | N62: Khidri | O62: Medium | P62: Organic Khidri Pr.Medium | Q62: Organic Khidri Premium Medium | R62: CFPL | S62: Savla | T62: NAKHEEL | U62: 403 | V62: =U62*J62 -> 5037.5 | W62: =$W$4-A62 -> 531 | X62: =VLOOKUP(W62,$AA$2:$AB$6,2) -> 12-18 Months | Y62: =VLOOKUP(W62,$AD$2:$AE$6,2) -> >181 Days
A63: 01/12/2024 | B63: D-514 | C63: GR6074 | D63: KHAJUR BOX (M)12 | E63: ORGANIC SEQEE | F63: PREMIUM LARGE | G63: 76583 | H63: 1 | I63: 12.5 | J63: =I63*H63 -> 12.5 | K63: Organic Dates | L63: Org Seqee-Large | M63: {=VLOOKUP(Q63,[1]CFPL!$A:$D,{3,4},0)} -> DATES | N63: Seqee | O63: Large | P63: Organic Seqee Pr.Large | Q63: Organic Seqee Premium Large | R63: CFPL | S63: Savla | T63: NAKHEEL | U63: 641 | V63: =U63*J63 -> 8012.5 | W63: =$W$4-A63 -> 527 | X63: =VLOOKUP(W63,$AA$2:$AB$6,2) -> 12-18 Months | Y63: =VLOOKUP(W63,$AD$2:$AE$6,2) -> >181 Days
A64: 20/01/2025 | B64: D-39 | C64: GR18282 | D64: KISMISH BOX (INDIAN) 15 | E64: BROWN | F64: SRK-100-99 | G64: 129048 | H64: 14 | I64: 15 | J64: =I64*H64 -> 210 | K64: Raisins | L64: Indian | M64: {=VLOOKUP(Q64,[1]CFPL!$A:$D,{3,4},0)} -> RAISIN | N64: Raisin - Indian | O64: Raisin | P64: Indian Green Raisins | Q64: Indian Green Raisins | R64: CFPL | S64: Savla | T64: 0 | U64: 295 | V64: =U64*J64 -> 61950 | W64: =$W$4-A64 -> 477 | X64: =VLOOKUP(W64,$AA$2:$AB$6,2) -> 12-18 Months | Y64: =VLOOKUP(W64,$AD$2:$AE$6,2) -> >181 Days
A65: 28/01/2025 | B65: D-39 | C65: GR18832 | D65: KISMISH BOX (INDIAN) 15 | E65: SRK-24 | F65: - | G65: 130273 | H65: 11 | I65: 15 | J65: =I65*H65 -> 165 | K65: Raisins | L65: Indian | M65: {=VLOOKUP(Q65,[1]CFPL!$A:$D,{3,4},0)} -> RAISIN | N65: Raisin - Indian | O65: Raisin | P65: Indian Green Raisins | Q65: Indian Green Raisins | R65: CFPL | S65: Savla | T65: 0 | U65: 295 | V65: =U65*J65 -> 48675 | W65: =$W$4-A65 -> 469 | X65: =VLOOKUP(W65,$AA$2:$AB$6,2) -> 12-18 Months | Y65: =VLOOKUP(W65,$AD$2:$AE$6,2) -> >181 Days
A66: 02/02/2025 | B66: D-39 | C66: GR19184 | D66: KHAJUR BOX (M) 5 | E66: KING SALOMONS | F66: 502461345 | G66: 130939 | H66: 4 | I66: 5 | J66: =I66*H66 -> 20 | K66: Premium Dates | L66: Medjoul-Medium | M66: {=VLOOKUP(Q66,[1]CFPL!$A:$D,{3,4},0)} -> DATES | N66: Medjoul-Medium | O66: Medium | P66: Medjoul Dates Medium 5 kg | Q66: Medjoul Dates Medium | R66: CFPL | S66: Savla | T66: Hadiklaim | U66: 712 | V66: =U66*J66 -> 14240 | W66: =$W$4-A66 -> 464 | X66: =VLOOKUP(W66,$AA$2:$AB$6,2) -> 12-18 Months | Y66: =VLOOKUP(W66,$AD$2:$AE$6,2) -> >181 Days
A67: 27/02/2025 | B67: D-39 | C67: GR20770 | D67: PECANS MAMMOTH BOX15 | E67: SGPC BROWN BOX | F67: EX LARGE | G67: 133878 | H67: 26 | I67: 13.6 | J67: =I67*H67 -> 353.6 | K67: Pecan Nut | L67: Pecan | M67: {=VLOOKUP(Q67,[1]CFPL!$A:$D,{3,4},0)} -> PREMIUM NUTS | N67: Pecan Nuts | O67: Tukda | P67: Pecan Nut Tukda | Q67: Pecan Nuts | R67: CFPL | S67: Savla | T67: 0 | U67: 1380 | V67: =U67*J67 -> 487968 | W67: =$W$4-A67 -> 439 | X67: =VLOOKUP(W67,$AA$2:$AB$6,2) -> 12-18 Months | Y67: =VLOOKUP(W67,$AD$2:$AE$6,2) -> >181 Days
A68: 04/03/2025 | B68: D-39 | C68: GR21100 | D68: PECANS MAMMOTH BOX15 | E68: SOUTH GEORGIA | F68: LARGE | G68: 134478 | H68: 5 | I68: 13.6 | J68: =I68*H68 -> 68 | K68: Pecan Nut | L68: Pecan | M68: {=VLOOKUP(Q68,[1]CFPL!$A:$D,{3,4},0)} -> PREMIUM NUTS | N68: Pecan Nuts | O68: Tukda | P68: Pecan Nut Tukda | Q68: Pecan Nuts | R68: CFPL | S68: Savla | T68: 0 | U68: 1380 | V68: =U68*J68 -> 93840 | W68: =$W$4-A68 -> 434 | X68: =VLOOKUP(W68,$AA$2:$AB$6,2) -> 12-18 Months | Y68: =VLOOKUP(W68,$AD$2:$AE$6,2) -> >181 Days
A69: 07/03/2025 | B69: D-39 | C69: GR21313 | D69: PECANS MAMMOTH BOX15 | E69: SOUTH GEORGIA | F69: - | G69: 134856 | H69: 4 | I69: 13.6 | J69: =I69*H69 -> 54.4 | K69: Pecan Nut | L69: Pecan | M69: {=VLOOKUP(Q69,[1]CFPL!$A:$D,{3,4},0)} -> PREMIUM NUTS | N69: Pecan Nuts | O69: Tukda | P69: Pecan Nut Tukda | Q69: Pecan Nuts | R69: CFPL | S69: Savla | T69: 0 | U69: 1380 | V69: =U69*J69 -> 75072 | W69: =$W$4-A69 -> 431 | X69: =VLOOKUP(W69,$AA$2:$AB$6,2) -> 12-18 Months | Y69: =VLOOKUP(W69,$AD$2:$AE$6,2) -> >181 Days
A70: 19/03/2025 | B70: D-514 | C70: GR8551 | D70: KHAJUR BOX 12 | E70: ORGANIC KHUDRI BROWN BOX | F70: 12 KG | G70: 81383 | H70: 6 | I70: 12.5 | J70: =I70*H70 -> 75 | K70: Organic Dates | L70: Org Khidri-Large | M70: {=VLOOKUP(Q70,[1]CFPL!$A:$D,{3,4},0)} -> DATES | N70: Khidri | O70: Large | P70: Organic Khidri Pr.Large | Q70: Organic Khidri Large dates | R70: CFPL | S70: Savla | T70: NAKHEEL | U70: 462 | V70: =U70*J70 -> 34650 | W70: =$W$4-A70 -> 419 | X70: =VLOOKUP(W70,$AA$2:$AB$6,2) -> 12-18 Months | Y70: =VLOOKUP(W70,$AD$2:$AE$6,2) -> >181 Days
A71: 20/03/2025 | B71: D-39 | C71: GR22089 | D71: KISMISH BOX (INDIAN) 15 | E71: SRK-28 | F71: - | G71: 136258 | H71: 5 | I71: 15 | J71: =I71*H71 -> 75 | K71: Raisins | L71: Indian | M71: {=VLOOKUP(Q71,[1]CFPL!$A:$D,{3,4},0)} -> RAISIN | N71: Raisin - Indian | O71: Raisin | P71: Indian Green Raisins | Q71: Indian Green Raisins | R71: CFPL | S71: Savla | T71: 0 | U71: 295 | V71: =U71*J71 -> 22125 | W71: =$W$4-A71 -> 418 | X71: =VLOOKUP(W71,$AA$2:$AB$6,2) -> 12-18 Months | Y71: =VLOOKUP(W71,$AD$2:$AE$6,2) -> >181 Days
A72: 29/03/2025 | B72: D-39 | C72: GR22729 | D72: MACADAMIA BOX 12 | E72: MARQUIS STYLE 4L COOKED P | F72: - | G72: 137391 | H72: 36 | I72: 11.34 | J72: =I72*H72 -> 408.24 | K72: Macadamia | L72: Roasted Style-4L | M72: {=VLOOKUP(Q72,[1]CFPL!$A:$D,{3,4},0)} -> PREMIUM NUTS | N72: Macadamia Nuts | O72: Size-4L | P72: Macadamia Roasted Size -4L | Q72: Macadamia Roasted - Size 4L | R72: CFPL | S72: Savla | T72: 0 | U72: 1290 | V72: =U72*J72 -> 526629.6 | W72: =$W$4-A72 -> 409 | X72: =VLOOKUP(W72,$AA$2:$AB$6,2) -> 12-18 Months | Y72: =VLOOKUP(W72,$AD$2:$AE$6,2) -> >181 Days
A73: 30/04/2025 | B73: D-514 | C73: GR747 | D73: KHAJUR BOX 8 | E73: KHUDRI LARGE | F73: 1 KG | G73: 2060 | H73: 1 | I73: 16 | J73: =I73*H73 -> 16 | K73: Organic Dates | L73: Org Khidri-Large | M73: {=VLOOKUP(Q73,[1]CFPL!$A:$D,{3,4},0)} -> DATES | N73: Khidri | O73: Large | P73: Organic Khidri Large dates 1kg Pouch | Q73: Organic Khidri Large dates | R73: CFPL | S73: Savla | T73: NAKHEEL | U73: 462 | V73: =U73*J73 -> 7392 | W73: =$W$4-A73 -> 377 | X73: =VLOOKUP(W73,$AA$2:$AB$6,2) -> 12-18 Months | Y73: =VLOOKUP(W73,$AD$2:$AE$6,2) -> >181 Days
A74: 30/04/2025 | B74: D-514 | C74: GR747 | D74: KHAJUR BOX 15 | E74: ORGANIC WANAN LARGE | F74: 1 KG | G74: 2059 | H74: 1 | I74: 12 | J74: =I74*H74 -> 12 | K74: Organic Dates | L74: Org Wanan-Large | M74: {=VLOOKUP(Q74,[1]CFPL!$A:$D,{3,4},0)} -> DATES | N74: Wanan | O74: Large | P74: Organic Wanan Pr.Large 1 kg pouch | Q74: Organic Wanan Premium Large | R74: CFPL | S74: Savla | T74: NAKHEEL | U74: 715 | V74: =U74*J74 -> 8580 | W74: =$W$4-A74 -> 377 | X74: =VLOOKUP(W74,$AA$2:$AB$6,2) -> 12-18 Months | Y74: =VLOOKUP(W74,$AD$2:$AE$6,2) -> >181 Days
A75: 30/04/2025 | B75: D-514 | C75: GR747 | D75: KHAJUR BOX 8 | E75: KHIDRI LARGE ORGANIC | F75: 1 KG | G75: 2057 | H75: 1 | I75: 8 | J75: =I75*H75 -> 8 | K75: Organic Dates | L75: Org Khidri-Large | M75: {=VLOOKUP(Q75,[1]CFPL!$A:$D,{3,4},0)} -> DATES | N75: Khidri | O75: Large | P75: Organic Khidri Large dates 1kg Pouch | Q75: Organic Khidri Large dates | R75: CFPL | S75: Savla | T75: NAKHEEL | U75: 462 | V75: =U75*J75 -> 3696 | W75: =$W$4-A75 -> 377 | X75: =VLOOKUP(W75,$AA$2:$AB$6,2) -> 12-18 Months | Y75: =VLOOKUP(W75,$AD$2:$AE$6,2) -> >181 Days
A76: 30/04/2025 | B76: D-514 | C76: GR747 | D76: KHAJUR BOX 15 | E76: ORGANIC SEQEE LARGE | F76: 1 KG | G76: 2058 | H76: 1 | I76: 12 | J76: =I76*H76 -> 12 | K76: Organic Dates | L76: Org Seqee-Large | M76: {=VLOOKUP(Q76,[1]CFPL!$A:$D,{3,4},0)} -> DATES | N76: Seqee | O76: Large | P76: Organic Seqee Pr.Large 1kg pouch | Q76: Organic Seqee Premium Large | R76: CFPL | S76: Savla | T76: NAKHEEL | U76: 641 | V76: =U76*J76 -> 7692 | W76: =$W$4-A76 -> 377 | X76: =VLOOKUP(W76,$AA$2:$AB$6,2) -> 12-18 Months | Y76: =VLOOKUP(W76,$AD$2:$AE$6,2) -> >181 Days
A77: 12/06/2025 | B77: D-39 | C77: GR4381 | D77: KISMISH BOX (INDIAN) 15 | E77: BOB-68-13 | F77: - | G77: 141756 | H77: 11 | I77: 15 | J77: =I77*H77 -> 165 | K77: Raisins | L77: Indian | M77: {=VLOOKUP(Q77,[1]CFPL!$A:$D,{3,4},0)} -> RAISIN | N77: Raisin - Indian | O77: Raisin | P77: Indian Green Raisins | Q77: Indian Green Raisins | R77: CFPL | S77: Savla | T77: 0 | U77: 288 | V77: =U77*J77 -> 47520 | W77: =$W$4-A77 -> 334 | X77: =VLOOKUP(W77,$AA$2:$AB$6,2) -> 06-12 Months | Y77: =VLOOKUP(W77,$AD$2:$AE$6,2) -> >181 Days
A78: 18/07/2025 | B78: D-39 | C78: GR6846 | D78: PECANS MAMMOTH BOX15 | E78: FANCY DRY ROASTED | F78: SGP -BROWN | G78: 149845 | H78: 5 | I78: 13.6 | J78: =I78*H78 -> 68 | K78: Pecan Nut | L78: Pecan | M78: {=VLOOKUP(Q78,[1]CFPL!$A:$D,{3,4},0)} -> PREMIUM NUTS | N78: Pecan Nuts | O78: Kernels | P78: Pecan Nut Tukda | Q78: Pecan Nuts | R78: CFPL | S78: Savla | T78: 0 | U78: 1380 | V78: =U78*J78 -> 93840 | W78: =$W$4-A78 -> 298 | X78: =VLOOKUP(W78,$AA$2:$AB$6,2) -> 06-12 Months | Y78: =VLOOKUP(W78,$AD$2:$AE$6,2) -> >181 Days
A79: 24/07/2025 | B79: D-514 | C79: GR3016 | D79: KHAJUR BOX (M) 5 | E79: MEDJOUL MIX | F79: NO-2 | G79: 4905 | H79: 118 | I79: 5 | J79: =I79*H79 -> 590 | K79: Premium Dates | L79: Medjoul-Rej | M79: {=VLOOKUP(Q79,[1]CFPL!$A:$D,{3,4},0)} -> DATES | N79: OFF-GRADE DATES | O79: Mix | P79: Medjoul No.2 Sorted | Q79: Off-Grade Dates | R79: CFPL | S79: Savla | T79: W202 | U79: 200 | V79: =U79*J79 -> 118000 | W79: =$W$4-A79 -> 292 | X79: =VLOOKUP(W79,$AA$2:$AB$6,2) -> 06-12 Months | Y79: =VLOOKUP(W79,$AD$2:$AE$6,2) -> >181 Days
A80: 29/07/2025 | B80: D-39 | C80: GR7485 | D80: MACADAMIA BOX 12 | E80: MARQUIS SAWN 22+SP | F80: - | G80: 150930 | H80: 1 | I80: 10 | J80: =I80*H80 -> 10 | K80: Macadamia | L80: NIS Vanilla | M80: {=VLOOKUP(Q80,[1]CFPL!$A:$D,{3,4},0)} -> PREMIUM NUTS | N80: Macadamia Nuts | O80: Vannilla | P80: Macadamia Inshell Vannilla 320CUT | Q80: Macadamia Vanilla Whole - 320* Cut | R80: CFPL | S80: Savla | T80: 0 | U80: 625 | V80: =U80*J80 -> 6250 | W80: =$W$4-A80 -> 287 | X80: =VLOOKUP(W80,$AA$2:$AB$6,2) -> 06-12 Months | Y80: =VLOOKUP(W80,$AD$2:$AE$6,2) -> >181 Days
A81: 30/07/2025 | B81: D-39 | C81: GR7579 | D81: MACADAMIA BOX 12 | E81: STYLE 4 L COOKED P | F81: - | G81: 151105 | H81: 3 | I81: 11.34 | J81: =I81*H81 -> 34.02 | K81: Macadamia | L81: Roasted Style-4 | M81: {=VLOOKUP(Q81,[1]CFPL!$A:$D,{3,4},0)} -> PREMIUM NUTS | N81: Macadamia Nuts | O81: Size-4 | P81: Macadamia Roasted - Size 4 | Q81: Macadamia Roasted Salted - Size 4 | R81: CFPL | S81: Savla | T81: 0 | U81: 1500 | V81: =U81*J81 -> 51030 | W81: =$W$4-A81 -> 286 | X81: =VLOOKUP(W81,$AA$2:$AB$6,2) -> 06-12 Months | Y81: =VLOOKUP(W81,$AD$2:$AE$6,2) -> >181 Days
A82: 04/08/2025 | B82: D-39 | C82: GR7901 | D82: MACADAMIA BOX 12 | E82: DRY ROAST | F82: STYLE -6 | G82: 151709 | H82: 1 | I82: 11.34 | J82: =I82*H82 -> 11.34 | K82: Macadamia | L82: Roasted Style-6 | M82: {=VLOOKUP(Q82,[1]CFPL!$A:$D,{3,4},0)} -> PREMIUM NUTS | N82: Macadamia Nuts | O82: Size-6 | P82: Macadamia Roasted - Size 6 | Q82: Macadamia Roasted - Size 6 | R82: CFPL | S82: Savla | T82: 0 | U82: 900 | V82: =U82*J82 -> 10206 | W82: =$W$4-A82 -> 281 | X82: =VLOOKUP(W82,$AA$2:$AB$6,2) -> 06-12 Months | Y82: =VLOOKUP(W82,$AD$2:$AE$6,2) -> >181 Days
A83: 29/09/2025 | B83: D-514 | C83: GR4577 | D83: KHAJUR BOX (M) 5 | E83: DEGL.NOOR BRANCH(6903 | F83: 502420403 | G83: 7232 | H83: 175 | I83: 5 | J83: =I83*H83 -> 875 | K83: Premium Dates | L83: DEGLET NOUR | M83: {=VLOOKUP(Q83,[1]CFPL!$A:$D,{3,4},0)} -> DATES | N83: Deglet | O83: DEGLET NOUR | P83: Deglet Dates | Q83: Deglet Dates | R83: CFPL | S83: Savla | T83: Hadiklaim | U83: 527 | V83: =U83*J83 -> 461125 | W83: =$W$4-A83 -> 225 | X83: =VLOOKUP(W83,$AA$2:$AB$6,2) -> 06-12 Months | Y83: =VLOOKUP(W83,$AD$2:$AE$6,2) -> >181 Days
A84: 29/09/2025 | B84: D-514 | C84: GR4577 | D84: KHAJUR BOX (M) 5 | E84: DEGL.NOOR BRANCH(6902 | F84: 552420400 | G84: 7231 | H84: 165 | I84: 5 | J84: =I84*H84 -> 825 | K84: Premium Dates | L84: DEGLET NOUR | M84: {=VLOOKUP(Q84,[1]CFPL!$A:$D,{3,4},0)} -> DATES | N84: Deglet | O84: DEGLET NOUR | P84: Deglet Dates | Q84: Deglet Dates | R84: CFPL | S84: Savla | T84: Hadiklaim | U84: 527 | V84: =U84*J84 -> 434775 | W84: =$W$4-A84 -> 225 | X84: =VLOOKUP(W84,$AA$2:$AB$6,2) -> 06-12 Months | Y84: =VLOOKUP(W84,$AD$2:$AE$6,2) -> >181 Days
A85: 09/10/2025 | B85: D-39 | C85: GR11994 | D85: CRANBERRY BOX 5 | E85: MEDURI | F85: WHOLE 090191 | G85: 160135 | H85: 26 | I85: 4.54 | J85: =I85*H85 -> 118.04 | K85: Cranberry | L85: Meduri | M85: {=VLOOKUP(Q85,[1]CFPL!$A:$D,{3,4},0)} -> CRANBERRY | N85: Cranberry - Whole | O85: Meduri | P85: Dried Cranberry Whole - Meduri | Q85: Dried Cranberry Whole | R85: CFPL | S85: Savla | T85: Tajir | U85: 890 | V85: =U85*J85 -> 105055.6 | W85: =$W$4-A85 -> 215 | X85: =VLOOKUP(W85,$AA$2:$AB$6,2) -> 06-12 Months | Y85: =VLOOKUP(W85,$AD$2:$AE$6,2) -> >181 Days
A86: 10/10/2025 | B86: D-514 | C86: GR4846 | D86: KHAJUR BOX (M) 5 | E86: MEDJOUL NO-2 | F86: MIX | G86: 7760 | H86: 249 | I86: 5 | J86: =I86*H86 -> 1245 | K86: Premium Dates | L86: Medjoul-Rej | M86: {=VLOOKUP(Q86,[1]CFPL!$A:$D,{3,4},0)} -> DATES | N86: OFF-GRADE DATES | O86: No-2 | P86: Medjoul No.2 Sorted | Q86: Off-Grade Dates | R86: CFPL | S86: Savla | T86: W202 | U86: 200 | V86: =U86*J86 -> 249000 | W86: =$W$4-A86 -> 214 | X86: =VLOOKUP(W86,$AA$2:$AB$6,2) -> 06-12 Months | Y86: =VLOOKUP(W86,$AD$2:$AE$6,2) -> >181 Days
A87: 20/10/2025 | B87: D-39 | C87: GR12735 | D87: KISMISH BOX (INDIAN) 15 | E87: GDT-26 | F87: - | G87: 162411 | H87: 6 | I87: 15 | J87: =I87*H87 -> 90 | K87: Raisins | L87: Indian | M87: {=VLOOKUP(Q87,[1]CFPL!$A:$D,{3,4},0)} -> RAISIN | N87: Raisin - Indian | O87: Raisin | P87: Indian Green Raisins | Q87: Indian Green Raisins | R87: CFPL | S87: Savla | T87: 0 | U87: 420 | V87: =U87*J87 -> 37800 | W87: =$W$4-A87 -> 204 | X87: =VLOOKUP(W87,$AA$2:$AB$6,2) -> 06-12 Months | Y87: =VLOOKUP(W87,$AD$2:$AE$6,2) -> >181 Days
A88: 28/10/2025 | B88: D-39 | C88: GR13070 | D88: KHAJUR BOX (M) 5 | E88: ORGANIK JUMBO | F88: - | G88: 162094 | H88: 390 | I88: 5 | J88: =I88*H88 -> 1950 | K88: Organic Dates | L88: Org Medjoul-Jumbo | M88: {=VLOOKUP(Q88,[1]CFPL!$A:$D,{3,4},0)} -> DATES | N88: Medjoul-Jumbo | O88: Aldaka | P88: Aldaka Medjoul Jumbo | Q88: Aldaka Medjool Premium Jumbo | R88: CFPL | S88: Savla | T88: NAKHEEL | U88: 1089.42 | V88: =U88*J88 -> 2124369 | W88: =$W$4-A88 -> 196 | X88: =VLOOKUP(W88,$AA$2:$AB$6,2) -> 06-12 Months | Y88: =VLOOKUP(W88,$AD$2:$AE$6,2) -> >181 Days
A89: 28/10/2025 | B89: D-39 | C89: GR13070 | D89: KHAJUR BOX (M) 5 | E89: ORGANIK LARGE | F89: - | G89: 162095 | H89: 573 | I89: 5 | J89: =I89*H89 -> 2865 | K89: Organic Dates | L89: Org Medjoul-Lar | M89: {=VLOOKUP(Q89,[1]CFPL!$A:$D,{3,4},0)} -> DATES | N89: Medjoul-Large | O89: Aldaka | P89: Aldaka Medjoul Large | Q89: Aldaka Medjool Premium Large | R89: CFPL | S89: Savla | T89: NAKHEEL | U89: 900.77 | V89: =U89*J89 -> 2580706 | W89: =$W$4-A89 -> 196 | X89: =VLOOKUP(W89,$AA$2:$AB$6,2) -> 06-12 Months | Y89: =VLOOKUP(W89,$AD$2:$AE$6,2) -> >181 Days
A90: 08/11/2025 | B90: D-39 | C90: GR13952 | D90: KHAJUR BOX (M) 5 | E90: KING SALOMAN JUNR JTC | F90: 502556537 | G90: 165912 | H90: 10 | I90: 5 | J90: =I90*H90 -> 50 | K90: Premium Dates | L90: Medjoul-Junior | M90: {=VLOOKUP(Q90,[1]CFPL!$A:$D,{3,4},0)} -> DATES | N90: Medjoul-Junior | O90: Junior | P90: Medjoul Dates Junior 5 kg | Q90: Medjoul Dates Junior | R90: CFPL | S90: Savla | T90: Hadiklaim | U90: 613 | V90: =U90*J90 -> 30650 | W90: =$W$4-A90 -> 185 | X90: =VLOOKUP(W90,$AA$2:$AB$6,2) -> 06-12 Months | Y90: =VLOOKUP(W90,$AD$2:$AE$6,2) -> >181 Days
A91: 15/11/2025 | B91: D-514 | C91: GR5756 | D91: KHAJUR BOX (M) 5 | E91: ORAGANIC WANUN JUMBO | F91: - | G91: 9497 | H91: 79 | I91: 5 | J91: =I91*H91 -> 395 | K91: Organic Dates | L91: Org Wanan-Jumbo | M91: {=VLOOKUP(Q91,[1]CFPL!$A:$D,{3,4},0)} -> DATES | N91: Wanan | O91: Jumbo | P91: Organic Wanan Pr. Jumbo | Q91: Organic Wanan Premium Jumbo | R91: CFPL | S91: Savla | T91: NAKHEEL | U91: 845 | V91: =U91*J91 -> 333775 | W91: =$W$4-A91 -> 178 | X91: =VLOOKUP(W91,$AA$2:$AB$6,2) -> < 6 Months | Y91: =VLOOKUP(W91,$AD$2:$AE$6,2) -> 90-180 Days
A92: 15/11/2025 | B92: D-514 | C92: GR5756 | D92: KHAJUR BOX (M) 5 | E92: ORAGANIC SEQCE LARGE | F92: - | G92: 9498 | H92: 23 | I92: 5 | J92: =I92*H92 -> 115 | K92: Organic Dates | L92: Org Seqee-Large | M92: {=VLOOKUP(Q92,[1]CFPL!$A:$D,{3,4},0)} -> DATES | N92: Seqee | O92: Large | P92: Organic Sequee Pr. Large | Q92: Organic Seqee Premium Large | R92: CFPL | S92: Savla | T92: NAKHEEL | U92: 565 | V92: =U92*J92 -> 64975 | W92: =$W$4-A92 -> 178 | X92: =VLOOKUP(W92,$AA$2:$AB$6,2) -> < 6 Months | Y92: =VLOOKUP(W92,$AD$2:$AE$6,2) -> 90-180 Days
A93: 15/11/2025 | B93: D-514 | C93: GR5756 | D93: KHAJUR BOX (M) 5 | E93: ORGANIC KHIDRI S JUMBO | F93: - | G93: 9495 | H93: 72 | I93: 5 | J93: =I93*H93 -> 360 | K93: Organic Dates | L93: Org Khidri-Jumbo | M93: {=VLOOKUP(Q93,[1]CFPL!$A:$D,{3,4},0)} -> DATES | N93: Khidri | O93: Jumbo | P93: Organic Khidri Special Jumbo | Q93: Organic Khidri Special Jumbo | R93: CFPL | S93: Savla | T93: NAKHEEL | U93: 732 | V93: =U93*J93 -> 263520 | W93: =$W$4-A93 -> 178 | X93: =VLOOKUP(W93,$AA$2:$AB$6,2) -> < 6 Months | Y93: =VLOOKUP(W93,$AD$2:$AE$6,2) -> 90-180 Days
A94: 15/11/2025 | B94: D-514 | C94: GR5756 | D94: KHAJUR BOX (M) 5 | E94: WANUN LARGE ORGANIC | F94: - | G94: 9496 | H94: 45 | I94: 5 | J94: =I94*H94 -> 225 | K94: Organic Dates | L94: Org Wanan-Large | M94: {=VLOOKUP(Q94,[1]CFPL!$A:$D,{3,4},0)} -> DATES | N94: Wanan | O94: Large | P94: Organic Wanan Pr. Large | Q94: Organic Wanan Premium Large | R94: CFPL | S94: Savla | T94: NAKHEEL | U94: 635 | V94: =U94*J94 -> 142875 | W94: =$W$4-A94 -> 178 | X94: =VLOOKUP(W94,$AA$2:$AB$6,2) -> < 6 Months | Y94: =VLOOKUP(W94,$AD$2:$AE$6,2) -> 90-180 Days
A95: 18/11/2025 | B95: D-39 | C95: GR14754 | D95: MACADAMIA BOX 12 | E95: HONEY ROASTED MACADAMIA | F95: - | G95: 167917 | H95: 39 | I95: 10 | J95: =I95*H95 -> 390 | K95: Macadamia | L95: Honey Roasted | M95: {=VLOOKUP(Q95,[1]CFPL!$A:$D,{3,4},0)} -> PREMIUM NUTS | N95: Macadamia Nuts | O95: Kernels | P95: Macadamia Nut Honey Roasted | Q95: Honey Roasted Macadamia Nut | R95: CFPL | S95: Savla | T95: 0 | U95: 2461.79 | V95: =U95*J95 -> 960098.1 | W95: =$W$4-A95 -> 175 | X95: =VLOOKUP(W95,$AA$2:$AB$6,2) -> < 6 Months | Y95: =VLOOKUP(W95,$AD$2:$AE$6,2) -> 90-180 Days
A96: 18/11/2025 | B96: D-39 | C96: GR14754 | D96: MACADAMIA BOX 12 | E96: MACADAMIA DARK CHOLTES | F96: - | G96: 167916 | H96: 52 | I96: 7.5 | J96: =I96*H96 -> 390 | K96: Macadamia | L96: Dark Choc | M96: {=VLOOKUP(Q96,[1]CFPL!$A:$D,{3,4},0)} -> PREMIUM NUTS | N96: Macadamia Nuts | O96: Kernels | P96: Macadamia Nut Dark Chocolate | Q96: Macadamia Dark Chocolate Clusters | R96: CFPL | S96: Savla | T96: 0 | U96: 2859.54 | V96: =U96*J96 -> 1115220.6 | W96: =$W$4-A96 -> 175 | X96: =VLOOKUP(W96,$AA$2:$AB$6,2) -> < 6 Months | Y96: =VLOOKUP(W96,$AD$2:$AE$6,2) -> 90-180 Days
A97: 18/11/2025 | B97: D-39 | C97: GR14754 | D97: MACADAMIA BOX 12 | E97: MACADAMIA MILK CHOCLATE | F97: - | G97: 167915 | H97: 52 | I97: 7.5 | J97: =I97*H97 -> 390 | K97: Macadamia | L97: Milk Choc | M97: {=VLOOKUP(Q97,[1]CFPL!$A:$D,{3,4},0)} -> PREMIUM NUTS | N97: Macadamia Nuts | O97: Kernels | P97: Macadamia Nut Milk Chocolate | Q97: Macadamia Milk Chocolate Clusters | R97: CFPL | S97: Savla | T97: 0 | U97: 2859.54 | V97: =U97*J97 -> 1115220.6 | W97: =$W$4-A97 -> 175 | X97: =VLOOKUP(W97,$AA$2:$AB$6,2) -> < 6 Months | Y97: =VLOOKUP(W97,$AD$2:$AE$6,2) -> 90-180 Days
A98: 18/11/2025 | B98: D-39 | C98: GR14753 | D98: MACADAMIA BOX 12 | E98: MACADAMIA NUT K STYLE 1 L | F98: - | G98: 167919 | H98: 62 | I98: 11.34 | J98: =I98*H98 -> 703.08 | K98: Macadamia | L98: Roasted Style-1 | M98: {=VLOOKUP(Q98,[1]CFPL!$A:$D,{3,4},0)} -> PREMIUM NUTS | N98: Macadamia Nuts | O98: Kernels | P98: Macadamia Roasted - Size 1 | Q98: Macadamia Roasted - Size 1 | R98: CFPL | S98: Savla | T98: 0 | U98: 1820.3 | V98: =U98*J98 -> 1279816.5 | W98: =$W$4-A98 -> 175 | X98: =VLOOKUP(W98,$AA$2:$AB$6,2) -> < 6 Months | Y98: =VLOOKUP(W98,$AD$2:$AE$6,2) -> 90-180 Days
A99: 18/11/2025 | B99: D-39 | C99: GR14754 | D99: MACADAMIA BOX 12 | E99: SWEET CHIILI MACA MIA NUTS | F99: - | G99: 167918 | H99: 38 | I99: 10 | J99: =I99*H99 -> 380 | K99: Macadamia | L99: Sweet Chilli | M99: {=VLOOKUP(Q99,[1]CFPL!$A:$D,{3,4},0)} -> PREMIUM NUTS | N99: Macadamia Nuts | O99: Kernels | P99: Macadamia Nut Sweet Chilli | Q99: Sweet Chilli Macadamia Nut | R99: CFPL | S99: Savla | T99: 0 | U99: 2461.79 | V99: =U99*J99 -> 935480.2 | W99: =$W$4-A99 -> 175 | X99: =VLOOKUP(W99,$AA$2:$AB$6,2) -> < 6 Months | Y99: =VLOOKUP(W99,$AD$2:$AE$6,2) -> 90-180 Days
A100: 18/11/2025 | B100: D-39 | C100: GR14753 | D100: MACADAMIA BOX 12 | E100: MACADAMIA NUT K STYLE 0 | F100: - | G100: 167920 | H100: 144 | I100: 11.34 | J100: =I100*H100 -> 1632.96 | K100: Macadamia | L100: Roasted Style-0 | M100: {=VLOOKUP(Q100,[1]CFPL!$A:$D,{3,4},0)} -> PREMIUM NUTS | N100: Macadamia Nuts | O100: Kernels | P100: Macadamia Roasted - Size 0 | Q100: Macadamia Roasted - Size 0 | R100: CFPL | S100: Savla | T100: 0 | U100: 1964.45 | V100: =U100*J100 -> 3207868.3 | W100: =$W$4-A100 -> 175 | X100: =VLOOKUP(W100,$AA$2:$AB$6,2) -> < 6 Months | Y100: =VLOOKUP(W100,$AD$2:$AE$6,2) -> 90-180 Days
...

Sheet 30th Dec 25 (2)
A1: Savla Foods & Rishi Cold Storage Pvt Ltd | Y1: Overdays | Z1: Bucket
A2: Report Date : | B2: =TODAY() -> 46154 | Y2: 0 | Z2: < 6 Months
A3: As On Date : | B3: =TODAY()-1 -> 46153 | Y3: 180 | Z3: 06-12 Months
A4: Stock Details Report | J4: =TODAY()-1 -> 46153 | V4: =TODAY() -> 46154 | Y4: 365 | Z4: 12-18 Months
H5: =SUBTOTAL(9,H7:H999964) -> 92330.93 | J5: =SUBTOTAL(9,J7:J999964) -> 624011.65 | K5: 46019 | U5: =SUBTOTAL(9,U7:U412) -> 1.4985432e+08 | Y5: 540 | Z5: 18-24 Months
A6: Inward Dt | B6: Unit | C6: Inward No | D6: Item Description | E6: Item Mark | F6: Vakkal | G6: Lot No | H6: Net Qty On Cartons | I6: Weight KG | J6: Total Inventory Kgs | K6: Group Name* | L6: Sub Group Name* | M6: Sub Sub Group Name* | N6: Item Display Name* | O6: Tally Name | P6: Company Name | Q6: Storage Location | R6: Stock | S6: Exporter | T6: Last Purchase Rate | U6: Value | V6: Ageing | W6: Ageing Bucket | Y6: 730 | Z6: >24 Months
A7: 24/07/2023 | B7: D-39 | C7: GR5903 | D7: KHAJUR BOX 10 | E7: WHITE POWDER | F7: V-2 | G7: 56059 | H7: 45 | I7: 10 | J7: =I7*H7 -> 450 | K7: Date Powder | L7: V2 | M7: AL BARAKAH | N7: 10KG AL BARAKAH DATE POWDER V2 | O7: 10KG AL BARAKAH DATE POWDER V2 | P7: CDPL | Q7: Savla | R7: Rental | S7: AL BARAKAH | T7: 215 | U7: =T7*J7 -> 96750 | V7: =$V$4-A7 -> 1023 | W7: =VLOOKUP(V7,$Y$2:$Z$6,2) -> >24 Months
A8: 06/12/2023 | B8: D-39 | C8: GR14501 | D8: KHAJUR BOX 8 | E8: BASOOR=OMAN DRY DATES | F8: GRADE 2 | G8: 77517 | H8: 14 | I8: 7 | J8: =I8*H8 -> 98 | K8: Dry Dates | L8: Omani Kharik | M8: Dry Dates | N8: BUSOOR DRY DATES GRADE - 2 | O8: DRY DATES-GRADE 2 | P8: CDPL | Q8: Savla | R8: Rental | S8: NAKHEEL | T8: 241 | U8: =T8*J8 -> 23618 | V8: =$V$4-A8 -> 888 | W8: =VLOOKUP(V8,$Y$2:$Z$6,2) -> >24 Months
A9: 06/12/2023 | B9: D-39 | C9: GR14501 | D9: KHAJUR BOX 8 | E9: BASOOR=OMAN DRY DATES | F9: GRADE 2 | G9: 77517 | H9: 9 | I9: 7 | J9: =I9*H9 -> 63 | K9: Dry Dates | L9: Omani Kharik | M9: Dry Dates | N9: BUSOOR DRY DATES GRADE - 2 | O9: DRY DATES-GRADE 2 | P9: CDPL | Q9: Savla | R9: Rental | S9: NAKHEEL | T9: 241 | U9: =T9*J9 -> 15183 | V9: =$V$4-A9 -> 888 | W9: =VLOOKUP(V9,$Y$2:$Z$6,2) -> >24 Months
A10: 06/12/2023 | B10: D-39 | C10: GR14501 | D10: KHAJUR BOX 8 | E10: BASOOR=OMAN DRY DATES | F10: GRADE 2 | G10: 77517 | H10: 49 | I10: 7 | J10: =I10*H10 -> 343 | K10: Dry Dates | L10: Omani Kharik | M10: Dry Dates | N10: BUSOOR DRY DATES GRADE - 2 | O10: DRY DATES-GRADE 2 | P10: CDPL | Q10: Savla | R10: Rental | S10: NAKHEEL | T10: 241 | U10: =T10*J10 -> 82663 | V10: =$V$4-A10 -> 888 | W10: =VLOOKUP(V10,$Y$2:$Z$6,2) -> >24 Months
A11: 06/12/2023 | B11: D-39 | C11: GR14501 | D11: KHAJUR BOX 8 | E11: BASOOR=OMAN DRY DATES | F11: GRADE 2 | G11: 77517 | H11: 3 | I11: 7 | J11: =I11*H11 -> 21 | K11: Dry Dates | L11: Omani Kharik | M11: Dry Dates | N11: BUSOOR DRY DATES GRADE - 2 | O11: DRY DATES-GRADE 2 | P11: CDPL | Q11: Savla | R11: Rental | S11: NAKHEEL | T11: 241 | U11: =T11*J11 -> 5061 | V11: =$V$4-A11 -> 888 | W11: =VLOOKUP(V11,$Y$2:$Z$6,2) -> >24 Months
A12: 09/12/2023 | B12: D-514 | C12: GR6307 | D12: KHAJUR BOX 5 | E12: ARSH RABIA REGULAR | F12: - | G12: 65864 | H12: 88 | I12: 5 | J12: =I12*H12 -> 440 | K12: Economical Dates | L12: Rabia | M12: Rabia | N12: Rabia Dates 5kg | O12: Wet Dates (Rabia) | P12: CDPL | Q12: Savla | R12: Rental | S12: Local | T12: 187.5 | U12: =T12*J12 -> 82500 | V12: =$V$4-A12 -> 885 | W12: =VLOOKUP(V12,$Y$2:$Z$6,2) -> >24 Months
A13: 22/12/2023 | B13: D-39 | C13: GR15493 | D13: KHAJUR BOX 10 | E13: AZMAH DATES | F13: 500GM | G13: 79112 | H13: 16 | I13: 10 | J13: =I13*H13 -> 160 | K13: Premium Dates | L13: Safawi | M13: Azmah 500gm | N13: Azmah Dates 10kg | O13: Wet Dates Safavi | P13: CDPL | Q13: Savla | R13: Fix (M2G) (+) | S13: Local | T13: 550 | U13: =T13*J13 -> 88000 | V13: =$V$4-A13 -> 872 | W13: =VLOOKUP(V13,$Y$2:$Z$6,2) -> >24 Months
A14: 22/12/2023 | B14: D-39 | C14: GR15515 | D14: KHAJUR BOX 5 | E14: RABIA/RAWAT | F14: - | G14: 79138 | H14: 5 | I14: 5 | J14: =I14*H14 -> 25 | K14: Economical Dates | L14: Rabia | M14: Rabia | N14: Rabia Dates 5kg | O14: Wet Dates (Rabia) | P14: CDPL | Q14: Savla | R14: Rental | S14: Local | T14: 187.5 | U14: =T14*J14 -> 4687.5 | V14: =$V$4-A14 -> 872 | W14: =VLOOKUP(V14,$Y$2:$Z$6,2) -> >24 Months
A15: 23/12/2023 | B15: D-39 | C15: GR15573 | D15: KHAJUR BOX 5 | E15: SAFAVI | F15: - | G15: 79273 | H15: 1 | I15: 5 | J15: =I15*H15 -> 5 | K15: Premium Dates | L15: Safawi | M15: Safawi | N15: Safawi Dates 5kg | O15: Wet Dates Safavi | P15: CDPL | Q15: Savla | R15: Fix (M2G) (+) | S15: Local | T15: 550 | U15: =T15*J15 -> 2750 | V15: =$V$4-A15 -> 871 | W15: =VLOOKUP(V15,$Y$2:$Z$6,2) -> >24 Months
A16: 25/12/2023 | B16: D-39 | C16: GR15667 | D16: KHAREK BOX 15 | E16: - | F16: CUTT | G16: 79450 | H16: 6 | I16: 15 | J16: =I16*H16 -> 90 | K16: Dry Dates | L16: KHAREK | M16: RED KHAREK | N16: Red Kharek Cut | O16: Seedless Chopped Red Kharik Dry Dates | P16: CDPL | Q16: Savla | R16: Rental | S16: Local | T16: 250 | U16: =T16*J16 -> 22500 | V16: =$V$4-A16 -> 869 | W16: =VLOOKUP(V16,$Y$2:$Z$6,2) -> >24 Months
A17: 27/03/2024 | B17: D-39 | C17: GR21140 | D17: KHAJUR BOX 5 | E17: SAFAVI DATES | F17: WHITE | G17: 90090 | H17: 2 | I17: 5 | J17: =I17*H17 -> 10 | K17: Premium Dates | L17: Safawi | M17: Safawi | N17: Safawi Dates 5kg | O17: Wet Dates Safavi | P17: CDPL | Q17: Savla | R17: Fix (M2G) (+) | S17: Local | T17: 550 | U17: =T17*J17 -> 5500 | V17: =$V$4-A17 -> 776 | W17: =VLOOKUP(V17,$Y$2:$Z$6,2) -> >24 Months
A18: 27/03/2024 | B18: D-39 | C18: GR21140 | D18: KHAJUR BOX 5 | E18: KALMI DATES | F18: SAFAVI | G18: 90088 | H18: 2 | I18: 5 | J18: =I18*H18 -> 10 | K18: Premium Dates | L18: Safawi | M18: Safawi | N18: Safawi Dates 5kg | O18: Wet Dates Safavi | P18: CDPL | Q18: Savla | R18: Fix (M2G) (+) | S18: Local | T18: 550 | U18: =T18*J18 -> 5500 | V18: =$V$4-A18 -> 776 | W18: =VLOOKUP(V18,$Y$2:$Z$6,2) -> >24 Months
... A76: 29/06/2025 | B76: D-39 | C76: GR5609 | D76: KHAJUR POWDER BOX 10 | E76: AL BARAKAH | F76: MIX | G76: 147739 | H76: 32 | I76: 10 | J76: =I76*H76 -> 320 | K76: Date Powder | L76: V1 | M76: AL BARAKAH | N76: 10KG AL BARAKAH DATE POWDER | O76: 10KG AL BARAKAH DATE POWDER V1 | P76: CDPL | Q76: Savla | R76: Rental | S76: AL BARAKAH | T76: 270 | U76: =T76*J76 -> 86400 | V76: =$V$4-A76 -> 317 | W76: =VLOOKUP(V76,$Y$2:$Z$6,2) -> 06-12 Months
A77: 19/07/2025 | B77: D-514 | C77: GR2898 | D77: KHAJUR BOX 5 | E77: SIAFA AJWA REGULAR (2929) | F77: - | G77: 4728 | H77: 4 | I77: 5 | J77: =I77*H77 -> 20 | K77: Premium Dates | L77: Ajwa | M77: Premium | N77: Ajwa Regular | O77: Wet Dates Ajwa | P77: CDPL | Q77: Savla | R77: Rental | S77: 0 | T77: 950 | U77: =T77*J77 -> 19000 | V77: =$V$4-A77 -> 297 | W77: =VLOOKUP(V77,$Y$2:$Z$6,2) -> 06-12 Months
A78: 24/09/2025 | B78: D-39 | C78: GR10777 | D78: KHAJUR POWDER BOX 10 | E78: AL BARAKAH | F78: - | G78: 156985 | H78: 1570 | I78: 10 | J78: =I78*H78 -> 15700 | K78: Date Powder | L78: V1 | M78: AL BARAKAH | N78: 10KG AL BARAKAH DATE POWDER | O78: 10KG AL BARAKAH DATE POWDER V1 | P78: CDPL | Q78: Savla | R78: Rental | S78: AL BARAKAH | T78: 280 | U78: =T78*J78 -> 4396000 | V78: =$V$4-A78 -> 230 | W78: =VLOOKUP(V78,$Y$2:$Z$6,2) -> 06-12 Months
A79: 04/10/2025 | B79: D-39 | C79: GR11598 | D79: KHAJUR BOX 10 | E79: AL BARAKAH | F79: - | G79: 159001 | H79: 49 | I79: 10 | J79: =I79*H79 -> 490 | K79: Economical Dates | L79: Sayer | M79: AL BARAKAH | N79: Sayer Dates | O79: AL BARAKAH SAYER DATES 10KG | P79: CDPL | Q79: Savla | R79: Rental | S79: AL BARAKAH | T79: 99 | U79: =T79*J79 -> 48510 | V79: =$V$4-A79 -> 220 | W79: =VLOOKUP(V79,$Y$2:$Z$6,2) -> 06-12 Months
A80: 10/10/2025 | B80: D-39 | C80: GR12077 | D80: KHAJUR SYRUP BUCKET 25 | E80: AL BARAKAH | F80: - | G80: 160241 | H80: 0 | I80: 25 | J80: =I80*H80 -> 0 | K80: Date Syrup | L80: Bucket 25Kg | M80: AL BARAKAH | N80: AL BARAKAH DATES SYRUP 25 kg Pack | O80: 25KG AL BARAKAH DATE SYRUP V1 | P80: CDPL | Q80: Savla | R80: Rental | S80: AL BARAKAH | T80: 105.8 | U80: =T80*J80 -> 0 | V80: =$V$4-A80 -> 214 | W80: =VLOOKUP(V80,$Y$2:$Z$6,2) -> 06-12 Months
A81: 16/10/2025 | B81: D-514 | C81: GR5011 | D81: KHAJUR BOX K 6 | E81: IRAN BAM MIX | F81: - | G81: 8004 | H81: 385 | I81: 6.9 | J81: =I81*H81 -> 2656.5 | K81: Economical Dates | L81: Mazafati | M81: Iran | N81: Wet Dates (Mazafati) | O81: Wet Dates (Mazafati) | P81: CDPL | Q81: Savla | R81: Rental | S81: 0 | T81: 240 | U81: =T81*J81 -> 637560 | V81: =$V$4-A81 -> 208 | W81: =VLOOKUP(V81,$Y$2:$Z$6,2) -> 06-12 Months
A82: 22/10/2025 | B82: D-39 | C82: GR12815 | D82: KHAJUR PASTE BOX 12 | E82: AL BARAKAH | F82: - | G82: 162607 | H82: 750 | I82: 12.5 | J82: =I82*H82 -> 9375 | K82: Date Paste | L82: Date Paste | M82: 12.5kg | N82: Al Barakah Date Paste 12.5KG | O82: AL BARAKAH DATE PASTE 12.5KG | P82: CDPL | Q82: Savla | R82: Rental | S82: AL BARAKAH | T82: 85 | U82: =T82*J82 -> 796875 | V82: =$V$4-A82 -> 202 | W82: =VLOOKUP(V82,$Y$2:$Z$6,2) -> 06-12 Months
A83: 22/10/2025 | B83: D-39 | C83: GR12770 | D83: KHAJUR PASTE BOX 12 | E83: AL BARAKH | F83: - | G83: 162497 | H83: 69 | I83: 12.5 | J83: =I83*H83 -> 862.5 | K83: Date Paste | L83: Date Paste | M83: 12.5kg | N83: Al Barakah Date Paste 12.5KG | O83: AL BARAKAH DATE PASTE 12.5KG | P83: CDPL | Q83: Savla | R83: Rental | S83: AL BARAKAH | T83: 85 | U83: =T83*J83 -> 73312.5 | V83: =$V$4-A83 -> 202 | W83: =VLOOKUP(V83,$Y$2:$Z$6,2) -> 06-12 Months
A84: 04/11/2025 | B84: D-39 | C84: GR13565 | D84: KHAJUR BOX KIMIA 6 | E84: KIMIA GOLD | F84: - | G84: 164985 | H84: 342 | I84: 6.8 | J84: =I84*H84 -> 2325.6 | K84: Economical Dates | L84: Mazafati | M84: Local | N84: Wet Dates (Mazafati) | O84: Wet Dates (Mazafati) | P84: CDPL | Q84: Savla | R84: Rental | S84: 0 | T84: 200 | U84: =T84*J84 -> 465120 | V84: =$V$4-A84 -> 189 | W84: =VLOOKUP(V84,$Y$2:$Z$6,2) -> 06-12 Months
A85: 19/11/2025 | B85: D-39 | C85: GR14919 | D85: KHAJUR BOX K 6 | E85: BAM MIX | F85: - | G85: 168151 | H85: 453 | I85: 6.8 | J85: =I85*H85 -> 3080.4 | K85: Economical Dates | L85: Mazafati | M85: Local | N85: Wet Dates (Mazafati) | O85: Wet Dates (Mazafati) | P85: CDPL | Q85: Savla | R85: Rental | S85: 0 | T85: 200 | U85: =T85*J85 -> 616080 | V85: =$V$4-A85 -> 174 | W85: =VLOOKUP(V85,$Y$2:$Z$6,2) -> < 6 Months
A86: 19/11/2025 | B86: D-514 | C86: GR5839 | D86: KHAJUR BOX 5 | E86: AJWA REGULAR (JFD) 8884 | F86: - | G86: 9621 | H86: 50 | I86: 5 | J86: =I86*H86 -> 250 | K86: Premium Dates | L86: Ajwa | M86: Regular | N86: Ajwa Regular | O86: Wet Dates Ajwa | P86: CDPL | Q86: Savla | R86: Rental | S86: 0 | T86: 675 | U86: =T86*J86 -> 168750 | V86: =$V$4-A86 -> 174 | W86: =VLOOKUP(V86,$Y$2:$Z$6,2) -> < 6 Months
A87: 19/11/2025 | B87: D-514 | C87: GR5839 | D87: KHAJUR BOX 5 | E87: AJWA PREMIUM (JFD)8883 | F87: - | G87: 9620 | H87: 6 | I87: 5 | J87: =I87*H87 -> 30 | K87: Premium Dates | L87: Ajwa | M87: Premium | N87: Ajwa Premium | O87: Wet Dates Ajwa | P87: CDPL | Q87: Savla | R87: Rental | S87: 0 | T87: 675 | U87: =T87*J87 -> 20250 | V87: =$V$4-A87 -> 174 | W87: =VLOOKUP(V87,$Y$2:$Z$6,2) -> < 6 Months
A88: 20/11/2025 | B88: D-39 | C88: GR14955 | D88: KHAJUR BOX (M) 5 | E88: AL FAJR | F88: LARGE PREMIUM | G88: 168296 | H88: 430 | I88: 5 | J88: =I88*H88 -> 2150 | K88: Premium Dates | L88: Medjoul-Large-Local | M88: Large | N88: Medjoul Large AL FAJIR 5 KG | O88: WET DATES MEDJOUL BULK LARGE (5) | P88: CDPL | Q88: Savla | R88: Rental | S88: Local | T88: 775 | U88: =T88*J88 -> 1666250 | V88: =$V$4-A88 -> 173 | W88: =VLOOKUP(V88,$Y$2:$Z$6,2) -> < 6 Months
A89: 20/11/2025 | B89: D-39 | C89: GR14954 | D89: KHAJUR BOX (M) 5 | E89: ARWA GREEN | F89: LARGE DELIGHT | G89: 168297 | H89: 382 | I89: 5 | J89: =I89*H89 -> 1910 | K89: Premium Dates | L89: Medjoul-Large-Local | M89: Large | N89: Medjoul Large Arwa 5KG | O89: WET DATES MEDJOUL BULK LARGE (5) | P89: CDPL | Q89: Savla | R89: Rental | S89: Local | T89: 775 | U89: =T89*J89 -> 1480250 | V89: =$V$4-A89 -> 173 | W89: =VLOOKUP(V89,$Y$2:$Z$6,2) -> < 6 Months
A90: 21/11/2025 | B90: D-39 | C90: GR15067 | D90: KHAJUR BOX 5 | E90: AL BARAKH SYRUP | F90: 400 GM | G90: 168714 | H90: 120 | I90: 4.8 | J90: =I90*H90 -> 576 | K90: Date Syrup | L90: 400g x 12 | M90: AL BARAKAH | N90: AL BARAKHA DATE SYRUP ( 400G packing) | O90: AL BARAKAH DATES SYRUP 400G | P90: CDPL | Q90: Savla | R90: Rental | S90: AL BARAKAH | T90: 343.2 | U90: =T90*J90 -> 197683.2 | V90: =$V$4-A90 -> 172 | W90: =VLOOKUP(V90,$Y$2:$Z$6,2) -> < 6 Months
A91: 22/11/2025 | B91: D-39 | C91: GR15128 | D91: KHAJUR SYRUP BUCKET 25 | E91: AL BARAKAH DATES | F91: - | G91: 168918 | H91: 68 | I91: 25 | J91: =I91*H91 -> 1700 | K91: Date Syrup | L91: Bucket 25Kg | M91: AL BARAKAH | N91: AL BARAKAH DATES SYRUP 25 kg Pack | O91: 25KG AL BARAKAH DATE SYRUP V1 | P91: CDPL | Q91: Savla | R91: Rental | S91: AL BARAKAH | T91: 109.8 | U91: =T91*J91 -> 186660 | V91: =$V$4-A91 -> 171 | W91: =VLOOKUP(V91,$Y$2:$Z$6,2) -> < 6 Months
A92: 25/11/2025 | B92: D-514 | C92: GR5993 | D92: KHAJUR BOX (M) 5 | E92: DATELAND MEDJOUL JUMBO | F92: YELLOW BOX | G92: 9970 | H92: 89 | I92: 5 | J92: =I92*H92 -> 445 | K92: Premium Dates | L92: Medjoul-Jumbo | M92: Date Land | N92: MEDJOUL DATES JUMBO 5 kg | O92: MEDJOUL DATES JUMBO | P92: CDPL | Q92: Savla | R92: Rental | S92: 0 | T92: 1030 | U92: =T92*J92 -> 458350 | V92: =$V$4-A92 -> 168 | W92: =VLOOKUP(V92,$Y$2:$Z$6,2) -> < 6 Months
A93: 28/11/2025 | B93: D-39 | C93: GR15586 | D93: KHAJUR BOX K 6 | E93: MIX BAM | F93: - | G93: 170168 | H93: 1442 | I93: 6.8 | J93: =I93*H93 -> 9805.6 | K93: Economical Dates | L93: Mazafati | M93: Local | N93: Wet Dates (Mazafati) | O93: Wet Dates (Mazafati) | P93: CDPL | Q93: Savla | R93: Rental | S93: 0 | T93: 199.05 | U93: =T93*J93 -> 1951804.7 | V93: =$V$4-A93 -> 165 | W93: =VLOOKUP(V93,$Y$2:$Z$6,2) -> < 6 Months
A94: 28/11/2025 | B94: D-39 | C94: GR15586 | D94: KHAJUR BOX K 6 | E94: MIX BAM | F94: - | G94: 170168 | H94: 1322 | I94: 6.8 | J94: =I94*H94 -> 8989.6 | K94: Economical Dates | L94: Mazafati | M94: Local | N94: Wet Dates (Mazafati) | O94: Wet Dates (Mazafati) | P94: CDPL | Q94: Savla | R94: Rental | S94: 0 | T94: 199.05 | U94: =T94*J94 -> 1789379.9 | V94: =$V$4-A94 -> 165 | W94: =VLOOKUP(V94,$Y$2:$Z$6,2) -> < 6 Months
A95: 28/11/2025 | B95: D-39 | C95: GR15570 | D95: KHAJUR BOX K 6 | E95: BAM | F95: - | G95: 170139 | H95: 1417 | I95: 6.8 | J95: =I95*H95 -> 9635.6 | K95: Economical Dates | L95: Mazafati | M95: Local | N95: Wet Dates (Mazafati) | O95: Wet Dates (Mazafati) | P95: CDPL | Q95: Savla | R95: Rental | S95: 0 | T95: 199.05 | U95: =T95*J95 -> 1917966.2 | V95: =$V$4-A95 -> 165 | W95: =VLOOKUP(V95,$Y$2:$Z$6,2) -> < 6 Months
A96: 05/12/2025 | B96: D-39 | C96: GR16031 | D96: KHAJUR BOX 5 | E96: WHITE | F96: SYRUP | G96: 171342 | H96: 0 | I96: 4.8 | J96: =I96*H96 -> 0 | K96: Date Syrup | L96: 400g x 12 | M96: AL BARAKAH | N96: AL BARAKHA DATE SYRUP ( 400G packing) | O96: AL BARAKAH DATES SYRUP 400G | P96: CDPL | Q96: Savla | R96: Rental | S96: AL BARAKAH | T96: 343.2 | U96: =T96*J96 -> 0 | V96: =$V$4-A96 -> 158 | W96: =VLOOKUP(V96,$Y$2:$Z$6,2) -> < 6 Months
A97: 05/12/2025 | B97: D-39 | C97: GR16030 | D97: KHAJUR SYRUP BUCKET 25 | E97: AL BARAKH | F97: - | G97: 171341 | H97: 410 | I97: 25 | J97: =I97*H97 -> 10250 | K97: Date Syrup | L97: Bucket 25Kg | M97: AL BARAKAH | N97: AL BARAKAH DATES SYRUP 25 kg Pack | O97: 25KG AL BARAKAH DATE SYRUP V1 | P97: CDPL | Q97: Savla | R97: Rental | S97: AL BARAKAH | T97: 109.8 | U97: =T97*J97 -> 1125450 | V97: =$V$4-A97 -> 158 | W97: =VLOOKUP(V97,$Y$2:$Z$6,2) -> < 6 Months
A98: 13/12/2025 | B98: D-514 | C98: GR6454 | D98: KHAJUR BOX 5 | E98: SIAFA MABROOM REGUL.[8701] | F98: - | G98: 10801 | H98: 55 | I98: 5 | J98: =I98*H98 -> 275 | K98: Premium Dates | L98: Mabroom | M98: Mabroom | N98: Mabroom Regular | O98: Wet Dates (Mabroom) | P98: CDPL | Q98: Savla | R98: Rental | S98: 0 | T98: 800 | U98: =T98*J98 -> 220000 | V98: =$V$4-A98 -> 150 | W98: =VLOOKUP(V98,$Y$2:$Z$6,2) -> < 6 Months
A99: 13/12/2025 | B99: D-514 | C99: GR6454 | D99: KHAJUR BOX 5 | E99: SIAFA SAFAWI REGULAR[8726 | F99: - | G99: 10800 | H99: 5 | I99: 5 | J99: =I99*H99 -> 25 | K99: Premium Dates | L99: Safawi | M99: Regular | N99: Safawi Dates 5kg | O99: Wet Dates Safavi | P99: CDPL | Q99: Savla | R99: Rental | S99: 0 | T99: 515 | U99: =T99*J99 -> 12875 | V99: =$V$4-A99 -> 150 | W99: =VLOOKUP(V99,$Y$2:$Z$6,2) -> < 6 Months
A100: 13/12/2025 | B100: D-514 | C100: GR6454 | D100: KHAJUR BOX 5 | E100: AJWA REGULAR [8884] | F100: - | G100: 10798 | H100: 35 | I100: 5 | J100: =I100*H100 -> 175 | K100: Premium Dates | L100: Ajwa | M100: Regular | N100: Ajwa Regular | O100: Wet Dates Ajwa | P100: CDPL | Q100: Savla | R100: Rental | S100: 0 | T100: 675 | U100: =T100*J100 -> 118125 | V100: =$V$4-A100 -> 150 | W100: =VLOOKUP(V100,$Y$2:$Z$6,2) -> < 6 Months
A101: 13/12/2025 | B101: D-514 | C101: GR6454 | D101: KHAJUR BOX 5 | E101: AJWA PREMIUM JFD[8883] | F101: - | G101: 10797 | H101: 19 | I101: 5 | J101: =I101*H101 -> 95 | K101: Premium Dates | L101: Ajwa | M101: Premium | N101: Ajwa Premium | O101: Wet Dates Ajwa | P101: CDPL | Q101: Savla | R101: Rental | S101: 0 | T101: 675 | U101: =T101*J101 -> 64125 | V101: =$V$4-A101 -> 150 | W101: =VLOOKUP(V101,$Y$2:$Z$6,2) -> < 6 Months
A102: 25/12/2023 | B102: D-39 | C102: GR15666 | D102: KISMISH BOX 10 | E102: AFGHAN | F102: - | G102: 79435 | H102: 4 | I102: 10 | J102: =I102*H102 -> 40 | K102: Raisins | L102: Afghan Green | M102: Green Round | N102: Afghan Kishmish | O102: Afghan Raisins 1*2 Green round | P102: CFPL | Q102: Savla | R102: Rental | S102: 0 | T102: 501 | U102: =T102*J102 -> 20040 | V102: =$V$4-A102 -> 869 | W102: =VLOOKUP(V102,$Y$2:$Z$6,2) -> >24 Months
A103: 27/02/2024 | B103: D-39 | C103: GR19491 | D103: MACADAMIA BOX 12 | E103: ROASTED | F103: A-185-RMSIZE6 | G103: 86683 | H103: 30 | I103: 11.34 | J103: =I103*H103 -> 340.2 | K103: Macadamia | L103: Roasted Style-6 | M103: Size-6 | N103: Macadamia Roasted - Size 6 | O103: Macadamia Roasted - Size 6 | P103: CFPL | Q103: Savla | R103: Fix (M2G) (+) | S103: 0 | T103: 900 | U103: =T103*J103 -> 306180 | V103: =$V$4-A103 -> 805 | W103: =VLOOKUP(V103,$Y$2:$Z$6,2) -> >24 Months
A104: 28/02/2024 | B104: D-39 | C104: GR19567 | D104: MACADAMIA BOX 12 | E104: ROASTED NIS SAWN PASTE | F104: A-185 RM | G104: 86838 | H104: 12 | I104: 12 | J104: =I104*H104 -> 144 | K104: Macadamia Paste | L104: Paste-2kg | M104: Paste | N104: Macadamia Paste | O104: Macadamia Paste | P104: CFPL | Q104: Savla | R104: Fix (M2G) (+) | S104: 0 | T104: 1676.8 | U104: =T104*J104 -> 241459.2 | V104: =$V$4-A104 -> 804 | W104: =VLOOKUP(V104,$Y$2:$Z$6,2) -> >24 Months
A105: 09/10/2024 | B105: D-39 | C105: GR11739 | D105: BLUEBERRY BOX 10 | E105: WHOLE | F105: APPLE INFUSED | G105: 113027 | H105: 2 | I105: 9.08 | J105: =I105*H105 -> 18.16 | K105: Blueberry | L105: Blueberry | M105: Apple Infused | N105: Dried Blueberry Whole-Apple Infused | O105: Dried Blueberry Apple Infused | P105: CFPL | Q105: Savla | R105: Rental | S105: Tajir | T105: 1270 | U105: =T105*J105 -> 23063.2 | V105: =$V$4-A105 -> 580 | W105: =VLOOKUP(V105,$Y$2:$Z$6,2) -> 18-24 Months
A106: 26/10/2024 | B106: D-39 | C106: GR12937 | D106: MACADAMIA BOX 12 | E106: DRY ROASTED MACAAMIA | F106: PASTE 2KG | G106: 109237 | H106: 2 | I106: 12 | J106: =I106*H106 -> 24 | K106: Macadamia Paste | L106: Paste-2kg | M106: Paste | N106: Macadamia Paste | O106: Macadamia Paste | P106: CFPL | Q106: Savla | R106: Rental | S106: 0 | T106: 1676.8 | U106: =T106*J106 -> 40243.2 | V106: =$V$4-A106 -> 563 | W106: =VLOOKUP(V106,$Y$2:$Z$6,2) -> 18-24 Months
A107: 08/11/2024 | B107: D-514 | C107: GR5550 | D107: KHAJUR BOX (M)12 | E107: ORGANIC KHIDRI | F107: PR.MEDIUM | G107: 76577 | H107: 49 | I107: 12.5 | J107: =I107*H107 -> 612.5 | K107: Organic Dates | L107: Org Khidri-Med | M107: Medium | N107: Organic Khidri Pr.Medium | O107: Organic Khidri Premium Medium | P107: CFPL | Q107: Savla | R107: Fix (202 F1) (-) | S107: NAKHEEL | T107: 403 | U107: =T107*J107 -> 246837.5 | V107: =$V$4-A107 -> 550 | W107: =VLOOKUP(V107,$Y$2:$Z$6,2) -> 18-24 Months
A108: 08/11/2024 | B108: D-514 | C108: GR5551 | D108: KHAJUR BOX (M) 5 | E108: ORGANIC MEDJOUL | F108: PR.LARGE | G108: 76581 | H108: 7 | I108: 5 | J108: =I108*H108 -> 35 | K108: Organic Dates | L108: Org Medjoul-Lar | M108: Large | N108: Organic Medjoul Pr.Large | O108: Organic Medjool Premium Large | P108: CFPL | Q108: Savla | R108: Rental | S108: NAKHEEL | T108: 730 | U108: =T108*J108 -> 25550 | V108: =$V$4-A108 -> 550 | W108: =VLOOKUP(V108,$Y$2:$Z$6,2) -> 18-24 Months
A109: 08/11/2024 | B109: D-514 | C109: GR5551 | D109: KHAJUR BOX (M)12 | E109: ORGANIC KHIDRI | F109: PR.LARGE | G109: 76576 | H109: 36 | I109: 12.5 | J109: =I109*H109 -> 450 | K109: Organic Dates | L109: Org Khidri-Large | M109: Large | N109: Organic Khidri Pr.Large | O109: Organic Khidri Large dates | P109: CFPL | Q109: Savla | R109: Rental | S109: NAKHEEL | T109: 462 | U109: =T109*J109 -> 207900 | V109: =$V$4-A109 -> 550 | W109: =VLOOKUP(V109,$Y$2:$Z$6,2) -> 18-24 Months
A110: 14/11/2024 | B110: D-514 | C110: GR5704 | D110: KHAJUR BOX (M)12 | E110: ORAGNIC KHIDRI | F110: PR.MEDIUM | G110: 76577 | H110: 38 | I110: 12.5 | J110: =I110*H110 -> 475 | K110: Organic Dates | L110: Org Khidri-Med | M110: Medium | N110: Organic Khidri Pr.Medium | O110: Organic Khidri Premium Medium | P110: CFPL | Q110: Savla | R110: Fix (202 F1) (-) | S110: NAKHEEL | T110: 403 | U110: =T110*J110 -> 191425 | V110: =$V$4-A110 -> 544 | W110: =VLOOKUP(V110,$Y$2:$Z$6,2) -> 18-24 Months
A111: 14/11/2024 | B111: D-39 | C111: GR13889 | D111: MACADAMIA BOX 12 | E111: MARAUIS | F111: STYLE4 SALTED | G111: 119159 | H111: 14 | I111: 11.34 | J111: =I111*H111 -> 158.76 | K111: Macadamia | L111: R&S Style-4 | M111: Rosted/Salted | N111: Macadamia Roasted & Salted Size -4 | O111: Macadamia Roasted Salted - Size 4 | P111: CFPL | Q111: Savla | R111: Rental | S111: 0 | T111: 1277 | U111: =T111*J111 -> 202736.52 | V111: =$V$4-A111 -> 544 | W111: =VLOOKUP(V111,$Y$2:$Z$6,2) -> 18-24 Months
A112: 16/11/2024 | B112: D-514 | C112: GR5739 | D112: KHAJUR BOX (M)12 | E112: ORAGNIC SEQCE LARGE | F112: LARGE | G112: 76870 | H112: 1 | I112: 12.5 | J112: =I112*H112 -> 12.5 | K112: Organic Dates | L112: Org Seqee-Large | M112: Large | N112: Organic Seqee Pr.Large | O112: Organic Seqee Premium Large | P112: CFPL | Q112: Savla | R112: Fix (202 F1) (-) | S112: NAKHEEL | T112: 641 | U112: =T112*J112 -> 8012.5 | V112: =$V$4-A112 -> 542 | W112: =VLOOKUP(V112,$Y$2:$Z$6,2) -> 18-24 Months
A113: 27/11/2024 | B113: D-514 | C113: GR5973 | D113: KHAJUR BOX (M)12 | E113: ORGANIC KHIDRI MEDIUM | F113: - | G113: 77154 | H113: 1 | I113: 12.5 | J113: =I113*H113 -> 12.5 | K113: Organic Dates | L113: Org Khidri-Med | M113: Medium | N113: Organic Khidri Pr.Medium | O113: Organic Khidri Premium Medium | P113: CFPL | Q113: Savla | R113: Fix (202 F1) (-) | S113: NAKHEEL | T113: 403 | U113: =T113*J113 -> 5037.5 | V113: =$V$4-A113 -> 531 | W113: =VLOOKUP(V113,$Y$2:$Z$6,2) -> 12-18 Months
A114: 27/11/2024 | B114: D-514 | C114: GR5973 | D114: KHAJUR BOX (M)12 | E114: ORGANIC KHIDRI LARGE | F114: - | G114: 77155 | H114: 2 | I114: 12.5 | J114: =I114*H114 -> 25 | K114: Organic Dates | L114: Org Khidri-Large | M114: Large | N114: Organic Khidri Pr.Large | O114: Organic Khidri Large dates | P114: CFPL | Q114: Savla | R114: Fix (202 F1) (-) | S114: NAKHEEL | T114: 462 | U114: =T114*J114 -> 11550 | V114: =$V$4-A114 -> 531 | W114: =VLOOKUP(V114,$Y$2:$Z$6,2) -> 12-18 Months
A115: 01/12/2024 | B115: D-514 | C115: GR6074 | D115: KHAJUR BOX (M)12 | E115: ORGANIC SEQEE | F115: PREMIUM LARGE | G115: 76583 | H115: 1 | I115: 12.5 | J115: =I115*H115 -> 12.5 | K115: Organic Dates | L115: Org Seqee-Large | M115: Large | N115: Organic Seqee Pr.Large | O115: Organic Seqee Premium Large | P115: CFPL | Q115: Savla | R115: Rental | S115: NAKHEEL | T115: 641 | U115: =T115*J115 -> 8012.5 | V115: =$V$4-A115 -> 527 | W115: =VLOOKUP(V115,$Y$2:$Z$6,2) -> 12-18 Months
A116: 01/12/2024 | B116: D-514 | C116: GR6074 | D116: KHAJUR BOX (M)12 | E116: ORGANIC KHIDRI | F116: PR. MEDIUM | G116: 76577 | H116: 1 | I116: 12.5 | J116: =I116*H116 -> 12.5 | K116: Organic Dates | L116: Org Khidri-Med | M116: Medium | N116: Organic Khidri Pr.Medium | O116: Organic Khidri Premium Medium | P116: CFPL | Q116: Savla | R116: Fix (202 F1) (-) | S116: NAKHEEL | T116: 403 | U116: =T116*J116 -> 5037.5 | V116: =$V$4-A116 -> 527 | W116: =VLOOKUP(V116,$Y$2:$Z$6,2) -> 12-18 Months
A117: 01/12/2024 | B117: D-514 | C117: GR6074 | D117: KHAJUR BOX (M) 5 | E117: ORGANIC AJWA | F117: PR. JUMBO | G117: 76868 | H117: 1 | I117: 5 | J117: =I117*H117 -> 5 | K117: Organic Dates | L117: Org Ajwa-Jumbo | M117: Jumbo | N117: Organic Ajwa Pr.Jumbo | O117: Organic Ajwa Premium Large | P117: CFPL | Q117: Savla | R117: Fix (202 F1) (-) | S117: NAKHEEL | T117: 789 | U117: =T117*J117 -> 3945 | V117: =$V$4-A117 -> 527 | W117: =VLOOKUP(V117,$Y$2:$Z$6,2) -> 12-18 Months
A118: 04/12/2024 | B118: D-39 | C118: GR15092 | D118: BLUEBERRY BOX 10 | E118: WHOLE | F118: APPLE INFUSEL | G118: 113027 | H118: 6 | I118: 9.08 | J118: =I118*H118 -> 54.48 | K118: Blueberry | L118: Blueberry | M118: Apple Infused | N118: Dried Blueberry Whole-Apple Infused | O118: Dried Blueberry Apple Infused | P118: CFPL | Q118: Savla | R118: Rental | S118: Tajir | T118: 1270 | U118: =T118*J118 -> 69189.6 | V118: =$V$4-A118 -> 524 | W118: =VLOOKUP(V118,$Y$2:$Z$6,2) -> 12-18 Months
A119: 18/01/2025 | B119: D-39 | C119: GR18188 | D119: KHAJUR BOX (M) 5 | E119: MDJL MIDEUM PREMIUM | F119: 602410286 | G119: 128827 | H119: 1 | I119: 5 | J119: =I119*H119 -> 5 | K119: Premium Dates | L119: Medjoul-Medium | M119: Medium | N119: Medjoul Dates Medium 5 kg | O119: Medjoul Dates Medium | P119: CFPL | Q119: Savla | R119: Rental | S119: Hadiklaim | T119: 712 | U119: =T119*J119 -> 3560 | V119: =$V$4-A119 -> 479 | W119: =VLOOKUP(V119,$Y$2:$Z$6,2) -> 12-18 Months
A120: 20/01/2025 | B120: D-39 | C120: GR18282 | D120: KISMISH BOX (INDIAN) 15 | E120: BROWN | F120: SRK-100-99 | G120: 129048 | H120: 19 | I120: 15 | J120: =I120*H120 -> 285 | K120: Raisins | L120: Indian | M120: Raisin | N120: Indian Green Raisins | O120: Indian Green Raisins | P120: CFPL | Q120: Savla | R120: Rental | S120: 0 | T120: 295 | U120: =T120*J120 -> 84075 | V120: =$V$4-A120 -> 477 | W120: =VLOOKUP(V120,$Y$2:$Z$6,2) -> 12-18 Months
A121: 28/01/2025 | B121: D-39 | C121: GR18832 | D121: KISMISH BOX (INDIAN) 15 | E121: SRK-24 | F121: - | G121: 130273 | H121: 16 | I121: 15 | J121: =I121*H121 -> 240 | K121: Raisins | L121: Indian | M121: Raisin | N121: Indian Green Raisins | O121: Indian Green Raisins | P121: CFPL | Q121: Savla | R121: Rental | S121: 0 | T121: 295 | U121: =T121*J121 -> 70800 | V121: =$V$4-A121 -> 469 | W121: =VLOOKUP(V121,$Y$2:$Z$6,2) -> 12-18 Months
A122: 02/02/2025 | B122: D-39 | C122: GR19184 | D122: KHAJUR BOX (M) 5 | E122: KING SALOMONS | F122: 502461345 | G122: 130939 | H122: 4 | I122: 5 | J122: =I122*H122 -> 20 | K122: Premium Dates | L122: Medjoul-Medium | M122: Medium | N122: Medjoul Dates Medium 5 kg | O122: Medjoul Dates Medium | P122: CFPL | Q122: Savla | R122: Rental | S122: Hadiklaim | T122: 712 | U122: =T122*J122 -> 14240 | V122: =$V$4-A122 -> 464 | W122: =VLOOKUP(V122,$Y$2:$Z$6,2) -> 12-18 Months
A123: 02/02/2025 | B123: D-39 | C123: GR19184 | D123: KHAJUR BOX (M) 5 | E123: KING SALOMONS | F123: 602411646 | G123: 130940 | H123: 7 | I123: 5 | J123: =I123*H123 -> 35 | K123: Premium Dates | L123: Medjoul-Medium | M123: Medium | N123: Medjoul Dates Medium 5 kg | O123: Medjoul Dates Medium | P123: CFPL | Q123: Savla | R123: Rental | S123: Hadiklaim | T123: 712 | U123: =T123*J123 -> 24920 | V123: =$V$4-A123 -> 464 | W123: =VLOOKUP(V123,$Y$2:$Z$6,2) -> 12-18 Months
A124: 27/02/2025 | B124: D-39 | C124: GR20770 | D124: PECANS MAMMOTH BOX15 | E124: SGPC BROWN BOX | F124: EX LARGE | G124: 133878 | H124: 34 | I124: 13.6 | J124: =I124*H124 -> 462.4 | K124: Pecan Nut | L124: Pecan | M124: Tukda | N124: Pecan Nut Tukda | O124: Pecan Nuts | P124: CFPL | Q124: Savla | R124: Fix (M2G) (+) | S124: 0 | T124: 1380 | U124: =T124*J124 -> 638112 | V124: =$V$4-A124 -> 439 | W124: =VLOOKUP(V124,$Y$2:$Z$6,2) -> 12-18 Months
A125: 04/03/2025 | B125: D-39 | C125: GR21100 | D125: PECANS MAMMOTH BOX15 | E125: SOUTH GEORGIA | F125: LARGE | G125: 134478 | H125: 5 | I125: 13.6 | J125: =I125*H125 -> 68 | K125: Pecan Nut | L125: Pecan | M125: Tukda | N125: Pecan Nut Tukda | O125: Pecan Nuts | P125: CFPL | Q125: Savla | R125: Rental | S125: 0 | T125: 1380 | U125: =T125*J125 -> 93840 | V125: =$V$4-A125 -> 434 | W125: =VLOOKUP(V125,$Y$2:$Z$6,2) -> 12-18 Months
A126: 07/03/2025 | B126: D-39 | C126: GR21313 | D126: PECANS MAMMOTH BOX15 | E126: SOUTH GEORGIA | F126: - | G126: 134856 | H126: 5 | I126: 13.6 | J126: =I126*H126 -> 68 | K126: Pecan Nut | L126: Pecan | M126: Tukda | N126: Pecan Nut Tukda | O126: Pecan Nuts | P126: CFPL | Q126: Savla | R126: Rental | S126: 0 | T126: 1380 | U126: =T126*J126 -> 93840 | V126: =$V$4-A126 -> 431 | W126: =VLOOKUP(V126,$Y$2:$Z$6,2) -> 12-18 Months
A127: 19/03/2025 | B127: D-514 | C127: GR8551 | D127: KHAJUR BOX 12 | E127: ORGANIC KHUDRI BROWN BOX | F127: 12 KG | G127: 81383 | H127: 6 | I127: 12.5 | J127: =I127*H127 -> 75 | K127: Organic Dates | L127: Org Khidri-Large | M127: Large | N127: Organic Khidri Pr.Large | O127: Organic Khidri Large dates | P127: CFPL | Q127: Savla | R127: Rental | S127: NAKHEEL | T127: 462 | U127: =T127*J127 -> 34650 | V127: =$V$4-A127 -> 419 | W127: =VLOOKUP(V127,$Y$2:$Z$6,2) -> 12-18 Months
A128: 20/03/2025 | B128: D-39 | C128: GR22089 | D128: KISMISH BOX (INDIAN) 15 | E128: SRK-28 | F128: - | G128: 136258 | H128: 10 | I128: 15 | J128: =I128*H128 -> 150 | K128: Raisins | L128: Indian | M128: Raisin | N128: Indian Green Raisins | O128: Indian Green Raisins | P128: CFPL | Q128: Savla | R128: Rental | S128: 0 | T128: 295 | U128: =T128*J128 -> 44250 | V128: =$V$4-A128 -> 418 | W128: =VLOOKUP(V128,$Y$2:$Z$6,2) -> 12-18 Months
A129: 29/03/2025 | B129: D-39 | C129: GR22729 | D129: MACADAMIA BOX 12 | E129: MARQUIS STYLE 4L COOKED P | F129: - | G129: 137391 | H129: 59 | I129: 11.34 | J129: =I129*H129 -> 669.06 | K129: Macadamia | L129: Roasted Style-4L | M129: Size-4L | N129: Macadamia Roasted Size -4L | O129: Macadamia Roasted - Size 4L | P129: CFPL | Q129: Savla | R129: Rental | S129: 0 | T129: 1290 | U129: =T129*J129 -> 863087.4 | V129: =$V$4-A129 -> 409 | W129: =VLOOKUP(V129,$Y$2:$Z$6,2) -> 12-18 Months
A130: 17/04/2025 | B130: D-39 | C130: GR1178 | D130: TURKEL BOX 10 | E130: MEHMET | F130: 200 GM | G130: 139652 | H130: 0 | I130: 0 | J130: =I130*H130 -> 0 | K130: 0 | L130: 0 | M130: 0 | N130: 0 | O130: 0 | P130: 0 | Q130: 0 | R130: 0 | S130: 0 | T130: 0 | U130: =T130*J130 -> 0 | V130: =$V$4-A130 -> 390 | W130: =VLOOKUP(V130,$Y$2:$Z$6,2) -> 12-18 Months
A131: 23/04/2025 | B131: D-39 | C131: GR1601 | D131: HAZELNUT BOX 10 | E131: DOST | F131: 6-8 MM | G131: 140344 | H131: 21 | I131: 10 | J131: =I131*H131 -> 210 | K131: Hazelnut | L131: Blanched | M131: Kernels | N131: Hazelnut Kernal Blanched | O131: Hazelnut Kernal | P131: CFPL | Q131: Savla | R131: Rental | S131: 0 | T131: 1060 | U131: =T131*J131 -> 222600 | V131: =$V$4-A131 -> 384 | W131: =VLOOKUP(V131,$Y$2:$Z$6,2) -> 12-18 Months
A132: 30/04/2025 | B132: D-514 | C132: GR747 | D132: KHAJUR BOX 15 | E132: ORGANIC SEQEE LARGE | F132: 1 KG | G132: 2058 | H132: 1 | I132: 12 | J132: =I132*H132 -> 12 | K132: Organic Dates | L132: Org Seqee-Large | M132: Large | N132: Organic Seqee Pr.Large 1kg pouch | O132: Organic Seqee Premium Large | P132: CFPL | Q132: Savla | R132: Rental | S132: NAKHEEL | T132: 641 | U132: =T132*J132 -> 7692 | V132: =$V$4-A132 -> 377 | W132: =VLOOKUP(V132,$Y$2:$Z$6,2) -> 12-18 Months
A133: 30/04/2025 | B133: D-514 | C133: GR747 | D133: KHAJUR BOX 8 | E133: KHIDRI LARGE ORGANIC | F133: 1 KG | G133: 2057 | H133: 1 | I133: 8 | J133: =I133*H133 -> 8 | K133: Organic Dates | L133: Org Khidri-Large | M133: Large | N133: Organic Khidri Large dates 1kg Pouch | O133: Organic Khidri Large dates | P133: CFPL | Q133: Savla | R133: Rental | S133: NAKHEEL | T133: 462 | U133: =T133*J133 -> 3696 | V133: =$V$4-A133 -> 377 | W133: =VLOOKUP(V133,$Y$2:$Z$6,2) -> 12-18 Months
A134: 30/04/2025 | B134: D-514 | C134: GR747 | D134: KHAJUR BOX 15 | E134: ORGANIC WANAN LARGE | F134: 1 KG | G134: 2059 | H134: 1 | I134: 12 | J134: =I134*H134 -> 12 | K134: Organic Dates | L134: Org Wanan-Large | M134: Large | N134: Organic Wanan Pr.Large 1 kg pouch | O134: Organic Wanan Premium Large | P134: CFPL | Q134: Savla | R134: Rental | S134: NAKHEEL | T134: 715 | U134: =T134*J134 -> 8580 | V134: =$V$4-A134 -> 377 | W134: =VLOOKUP(V134,$Y$2:$Z$6,2) -> 12-18 Months
A135: 30/04/2025 | B135: D-514 | C135: GR747 | D135: KHAJUR BOX 8 | E135: KHUDRI LARGE | F135: 1 KG | G135: 2060 | H135: 1 | I135: 16 | J135: =I135*H135 -> 16 | K135: Organic Dates | L135: Org Khidri-Large | M135: Large | N135: Organic Khidri Large dates 1kg Pouch | O135: Organic Khidri Large dates | P135: CFPL | Q135: Savla | R135: Rental | S135: NAKHEEL | T135: 462 | U135: =T135*J135 -> 7392 | V135: =$V$4-A135 -> 377 | W135: =VLOOKUP(V135,$Y$2:$Z$6,2) -> 12-18 Months
A136: 10/05/2025 | B136: D-39 | C136: GR2702 | D136: PECANS MAMMOTH BOX15 | E136: SOUTH GEORGIA | F136: 133878 | G136: 142404 | H136: 1 | I136: 13.6 | J136: =I136*H136 -> 13.6 | K136: Pecan Nut | L136: Pecan | M136: Tukda | N136: Pecan Nut Tukda | O136: Pecan Nuts | P136: CFPL | Q136: Savla | R136: Rental | S136: 0 | T136: 1380 | U136: =T136*J136 -> 18768 | V136: =$V$4-A136 -> 367 | W136: =VLOOKUP(V136,$Y$2:$Z$6,2) -> 12-18 Months
A137: 03/06/2025 | B137: D-39 | C137: GR3920 | D137: KISMISH BOX (INDIAN) 15 | E137: MAS-70-B -19 | F137: - | G137: 144668 | H137: 9 | I137: 15 | J137: =I137*H137 -> 135 | K137: Raisins | L137: Indian | M137: Raisin | N137: Indian Green Raisins | O137: Indian Green Raisins | P137: CFPL | Q137: Savla | R137: Rental | S137: 0 | T137: 288 | U137: =T137*J137 -> 38880 | V137: =$V$4-A137 -> 343 | W137: =VLOOKUP(V137,$Y$2:$Z$6,2) -> 06-12 Months
A138: 12/06/2025 | B138: D-39 | C138: GR4381 | D138: KISMISH BOX (INDIAN) 15 | E138: BOB-68-13 | F138: - | G138: 141756 | H138: 11 | I138: 15 | J138: =I138*H138 -> 165 | K138: Raisins | L138: Indian | M138: Raisin | N138: Indian Green Raisins | O138: Indian Green Raisins | P138: CFPL | Q138: Savla | R138: Rental | S138: 0 | T138: 288 | U138: =T138*J138 -> 47520 | V138: =$V$4-A138 -> 334 | W138: =VLOOKUP(V138,$Y$2:$Z$6,2) -> 06-12 Months
A139: 14/07/2025 | B139: D-39 | C139: GR6549 | D139: DRIED GOOSEBERRY BOX 10 | E139: GOJIBERRY | F139: GOJIBERRY | G139: 149321 | H139: 4 | I139: 8 | J139: =I139*H139 -> 32 | K139: Dehydrated Fruits | L139: Gojiberry | M139: Dried | N139: Dried Goji Berry RTV Alimento | O139: Dried Goji Berry | P139: CFPL | Q139: Savla | R139: Rental | S139: 0 | T139: 825 | U139: =T139*J139 -> 26400 | V139: =$V$4-A139 -> 302 | W139: =VLOOKUP(V139,$Y$2:$Z$6,2) -> 06-12 Months
A140: 16/07/2025 | B140: D-514 | C140: GR2804 | D140: KHAJUR BOX (M) 5 | E140: DEGLET NOOR | F140: 552420399 | G140: 4523 | H140: 98 | I140: 5 | J140: =I140*H140 -> 490 | K140: Premium Dates | L140: DEGLET NOUR | M140: DEGLET NOUR | N140: Deglet Dates | O140: Deglet Dates | P140: CFPL | Q140: Savla | R140: Rental | S140: Hadiklaim | T140: 510 | U140: =T140*J140 -> 249900 | V140: =$V$4-A140 -> 300 | W140: =VLOOKUP(V140,$Y$2:$Z$6,2) -> 06-12 Months
A141: 18/07/2025 | B141: D-39 | C141: GR6846 | D141: PECANS MAMMOTH BOX15 | E141: FANCY DRY ROASTED | F141: SGP -BROWN | G141: 149845 | H141: 6 | I141: 13.6 | J141: =I141*H141 -> 81.6 | K141: Pecan Nut | L141: Pecan | M141: Kernels | N141: Pecan Nut Tukda | O141: Pecan Nuts | P141: CFPL | Q141: Savla | R141: Rental | S141: 0 | T141: 1380 | U141: =T141*J141 -> 112608 | V141: =$V$4-A141 -> 298 | W141: =VLOOKUP(V141,$Y$2:$Z$6,2) -> 06-12 Months
A142: 24/07/2025 | B142: D-514 | C142: GR3016 | D142: KHAJUR BOX (M) 5 | E142: MEDJOUL MIX | F142: NO-2 | G142: 4905 | H142: 118 | I142: 5 | J142: =I142*H142 -> 590 | K142: Premium Dates | L142: Medjoul-Rej | M142: Mix | N142: Medjoul No.2 Sorted | O142: Off-Grade Dates | P142: CFPL | Q142: Savla | R142: Rental | S142: 0 | T142: 200 | U142: =T142*J142 -> 118000 | V142: =$V$4-A142 -> 292 | W142: =VLOOKUP(V142,$Y$2:$Z$6,2) -> 06-12 Months
A143: 29/07/2025 | B143: D-39 | C143: GR7485 | D143: MACADAMIA BOX 12 | E143: MARQUIS SAWN 22+SP | F143: 16.4KG | G143: 150931 | H143: 1 | I143: 10 | J143: =I143*H143 -> 10 | K143: Macadamia | L143: NIS | M143: NIS | N143: Macadamia Plain Inshell | O143: Macadamia Whole - 320* Cut | P143: CFPL | Q143: Savla | R143: Rental | S143: 0 | T143: 625 | U143: =T143*J143 -> 6250 | V143: =$V$4-A143 -> 287 | W143: =VLOOKUP(V143,$Y$2:$Z$6,2) -> 06-12 Months
A144: 29/07/2025 | B144: D-39 | C144: GR7485 | D144: MACADAMIA BOX 12 | E144: MARQUIS SAWN 22+SP | F144: - | G144: 150930 | H144: 57 | I144: 10 | J144: =I144*H144 -> 570 | K144: Macadamia | L144: NIS Vanilla | M144: Vannilla | N144: Macadamia Inshell Vannilla 320CUT | O144: Macadamia Vanilla Whole - 320* Cut | P144: CFPL | Q144: Savla | R144: Rental | S144: 0 | T144: 625 | U144: =T144*J144 -> 356250 | V144: =$V$4-A144 -> 287 | W144: =VLOOKUP(V144,$Y$2:$Z$6,2) -> 06-12 Months
A145: 30/07/2025 | B145: D-39 | C145: GR7579 | D145: MACADAMIA BOX 12 | E145: STYLE 4 L COOKED P | F145: - | G145: 151105 | H145: 4 | I145: 11.34 | J145: =I145*H145 -> 45.36 | K145: Macadamia | L145: Roasted Style-4 | M145: Size-4 | N145: Macadamia Roasted - Size 4 | O145: Macadamia Roasted Salted - Size 4 | P145: CFPL | Q145: Savla | R145: Rental | S145: 0 | T145: 1500 | U145: =T145*J145 -> 68040 | V145: =$V$4-A145 -> 286 | W145: =VLOOKUP(V145,$Y$2:$Z$6,2) -> 06-12 Months
A146: 04/08/2025 | B146: D-39 | C146: GR7901 | D146: MACADAMIA BOX 12 | E146: DRY ROAST | F146: STYLE -6 | G146: 151709 | H146: 1 | I146: 11.34 | J146: =I146*H146 -> 11.34 | K146: Macadamia | L146: Roasted Style-6 | M146: Size-6 | N146: Macadamia Roasted - Size 6 | O146: Macadamia Roasted - Size 6 | P146: CFPL | Q146: Savla | R146: Rental | S146: 0 | T146: 900 | U146: =T146*J146 -> 10206 | V146: =$V$4-A146 -> 281 | W146: =VLOOKUP(V146,$Y$2:$Z$6,2) -> 06-12 Months
A147: 05/08/2025 | B147: D-39 | C147: GR7967 | D147: CRANBERRY BOX 5 | E147: MEDURI | F147: WHOLE | G147: 151836 | H147: 19 | I147: 4.54 | J147: =I147*H147 -> 86.26 | K147: Cranberry | L147: Meduri | M147: Meduri | N147: Dried Cranberry Whole - Meduri | O147: Dried Cranberry Whole | P147: CFPL | Q147: Savla | R147: Rental | S147: Tajir | T147: 890 | U147: =T147*J147 -> 76771.4 | V147: =$V$4-A147 -> 280 | W147: =VLOOKUP(V147,$Y$2:$Z$6,2) -> 06-12 Months
A148: 09/08/2025 | B148: D-39 | C148: GR8257 | D148: KISMISH BOX (INDIAN) 15 | E148: BROWN RAYECTION | F148: MIX | G148: 152287 | H148: 12 | I148: 15 | J148: =I148*H148 -> 180 | K148: Raisins | L148: Indian | M148: Raisin | N148: Indian Green Raisins | O148: Indian Green Raisins | P148: CFPL | Q148: Savla | R148: Rental | S148: 0 | T148: 418.25 | U148: =T148*J148 -> 75285 | V148: =$V$4-A148 -> 276 | W148: =VLOOKUP(V148,$Y$2:$Z$6,2) -> 06-12 Months
A149: 26/08/2025 | B149: D-39 | C149: GR9080 | D149: MACADAMIA BOX 12 | E149: - | F149: 0 L | G149: 153333 | H149: 9 | I149: 11.34 | J149: =I149*H149 -> 102.06 | K149: Macadamia | L149: Roasted Style-0 | M149: Size-0 | N149: Macadamia Roasted - Size 0 | O149: Macadamia Roasted - Size 0 | P149: CFPL | Q149: Savla | R149: Rental | S149: 0 | T149: 1790 | U149: =T149*J149 -> 182687.4 | V149: =$V$4-A149 -> 259 | W149: =VLOOKUP(V149,$Y$2:$Z$6,2) -> 06-12 Months
A150: 29/09/2025 | B150: D-514 | C150: GR4577 | D150: KHAJUR BOX (M) 5 | E150: DEGL.NOOR BRANCH(6902 | F150: 552420400 | G150: 7231 | H150: 198 | I150: 5 | J150: =I150*H150 -> 990 | K150: Premium Dates | L150: DEGLET NOUR | M150: DEGLET NOUR | N150: Deglet Dates | O150: Deglet Dates | P150: CFPL | Q150: Savla | R150: Rental | S150: Hadiklaim | T150: 527 | U150: =T150*J150 -> 521730 | V150: =$V$4-A150 -> 225 | W150: =VLOOKUP(V150,$Y$2:$Z$6,2) -> 06-12 Months
A151: 29/09/2025 | B151: D-514 | C151: GR4583 | D151: KHAJUR BOX (M) 5 | E151: MDJL. MINI (6893 | F151: 4002433001 | G151: 7246 | H151: 17 | I151: 5 | J151: =I151*H151 -> 85 | K151: Premium Dates | L151: Medjoul-Mini | M151: Mini | N151: MDJL Mini Dates 5 kg | O151: Medjoul Dates Mini | P151: CFPL | Q151: Savla | R151: Rental | S151: Hadiklaim | T151: 477 | U151: =T151*J151 -> 40545 | V151: =$V$4-A151 -> 225 | W151: =VLOOKUP(V151,$Y$2:$Z$6,2) -> 06-12 Months
A152: 29/09/2025 | B152: D-514 | C152: GR4577 | D152: KHAJUR BOX (M) 5 | E152: DEGL.NOOR BRANCH(6903 | F152: 502420403 | G152: 7232 | H152: 198 | I152: 5 | J152: =I152*H152 -> 990 | K152: Premium Dates | L152: DEGLET NOUR | M152: DEGLET NOUR | N152: Deglet Dates | O152: Deglet Dates | P152: CFPL | Q152: Savla | R152: Rental | S152: Hadiklaim | T152: 527 | U152: =T152*J152 -> 521730 | V152: =$V$4-A152 -> 225 | W152: =VLOOKUP(V152,$Y$2:$Z$6,2) -> 06-12 Months
A153: 09/10/2025 | B153: D-39 | C153: GR11994 | D153: CRANBERRY BOX 5 | E153: MEDURI | F153: WHOLE 090191 | G153: 160135 | H153: 30 | I153: 4.54 | J153: =I153*H153 -> 136.2 | K153: Cranberry | L153: Meduri | M153: Meduri | N153: Dried Cranberry Whole - Meduri | O153: Dried Cranberry Whole | P153: CFPL | Q153: Savla | R153: Rental | S153: Tajir | T153: 890 | U153: =T153*J153 -> 121218 | V153: =$V$4-A153 -> 215 | W153: =VLOOKUP(V153,$Y$2:$Z$6,2) -> 06-12 Months
A154: 10/10/2025 | B154: D-514 | C154: GR4846 | D154: KHAJUR BOX (M) 5 | E154: MEDJOUL NO-2 | F154: MIX | G154: 7760 | H154: 249 | I154: 5 | J154: =I154*H154 -> 1245 | K154: Premium Dates | L154: Medjoul-Rej | M154: No-2 | N154: Medjoul No.2 Sorted | O154: Off-Grade Dates | P154: CFPL | Q154: Savla | R154: Rental | S154: 0 | T154: 200 | U154: =T154*J154 -> 249000 | V154: =$V$4-A154 -> 214 | W154: =VLOOKUP(V154,$Y$2:$Z$6,2) -> 06-12 Months
A155: 14/10/2025 | B155: D-39 | C155: GR12327 | D155: KHAJUR BOX (M) 5 | E155: MEDJOUL SUPER JUMBO | F155: 1350205472 | G155: 161078 | H155: 28 | I155: 5 | J155: =I155*H155 -> 140 | K155: Premium Dates | L155: Medjoul-Sup.Jumbo | M155: S.JUMBO | N155: MEDJOUL DATES SUPER JUMBO 5KG | O155: MEDJOUL DATES SUPER JUMBO 5KG | P155: CFPL | Q155: Savla | R155: Rental | S155: Hadiklaim | T155: 1252.9 | U155: =T155*J155 -> 175406 | V155: =$V$4-A155 -> 210 | W155: =VLOOKUP(V155,$Y$2:$Z$6,2) -> 06-12 Months
A156: 14/10/2025 | B156: D-39 | C156: GR12327 | D156: KHAJUR BOX (M) 5 | E156: MEDJOUL S JUM PREM | F156: 1350205472 | G156: 161054 | H156: 398 | I156: 5 | J156: =I156*H156 -> 1990 | K156: Premium Dates | L156: Medjoul-Sup.Jumbo | M156: S.JUMBO | N156: MEDJOUL DATES SUPER JUMBO 5KG | O156: MEDJOUL DATES SUPER JUMBO 5KG | P156: CFPL | Q156: Savla | R156: Rental | S156: Hadiklaim | T156: 1252.9 | U156: =T156*J156 -> 2493271 | V156: =$V$4-A156 -> 210 | W156: =VLOOKUP(V156,$Y$2:$Z$6,2) -> 06-12 Months
A157: 15/10/2025 | B157: D-514 | C157: GR4992 | D157: KHAJUR BOX (M) 5 | E157: MEDJOUL SUPER JUMBO | F157: 602505870 | G157: 7979 | H157: 4 | I157: 5 | J157: =I157*H157 -> 20 | K157: Premium Dates | L157: Medjoul-Sup.Jumbo | M157: S.JUMBO | N157: MEDJOUL DATES SUPER JUMBO 5KG | O157: MEDJOUL DATES SUPER JUMBO 5KG | P157: CFPL | Q157: Savla | R157: Rental | S157: Hadiklaim | T157: 1252.9 | U157: =T157*J157 -> 25058 | V157: =$V$4-A157 -> 209 | W157: =VLOOKUP(V157,$Y$2:$Z$6,2) -> 06-12 Months
...
